ID_UNIDADE,TOTAL_CASES,LAT,LNG,DIST_KM,LEVEL
3416321,132,-22.86444,-43.42661,1.5960212809513712,1
3416356,121,-22.877,-43.41128,1.7359155839452325,1
7722494,349,-22.87322,-43.43166,2.458496610896229,1
6038883,320,-22.87429,-43.43174,2.530906719902468,1
9023089,136,-22.88443,-43.41602,2.6056219045864424,1
5955688,168,-22.83859,-43.39829,2.868523936061188,1
7998678,57,-22.83859,-43.39829,2.868523936061188,1
7069472,3,-22.83859,-43.39829,2.868523936061188,1
7101856,498,-22.88865,-43.41406,3.043629796548663,1
6855709,143,-22.88865,-43.41406,3.043629796548663,1
6761704,56,-22.83381,-43.40728,3.0954046397228616,1
3820599,267,-22.88405,-43.42913,3.106948220703157,1
2298120,747,-22.86603,-43.44165,3.1431696939846483,1
6901042,126,-22.86505,-43.44512,3.479952189486249,1
2270560,336,-22.89142,-43.40083,3.51015498441154,1
5682819,1,-22.89142,-43.40083,3.51015498441154,1
9311661,88,-22.88742,-43.43134,3.543482991406785,1
2269759,64,-22.82963,-43.4154,3.555270912518434,1
6037569,83,-22.8689,-43.37649,3.6719024405189593,1
0697524,53,-22.88305,-43.38388,3.707354860922963,1
2273179,48,-22.84823,-43.37721,3.7955276625844174,1
2273411,187,-22.86391,-43.37268,3.9759864949455763,1
2270455,379,-22.87285,-43.44901,4.059731339438491,1
7108265,53,-22.86017,-43.37163,4.07598379125801,1
0189200,3,-22.86436,-43.37122,4.1289139301614926,1
2269945,2,-22.86436,-43.37122,4.1289139301614926,1
7021771,62,-22.84007,-43.37814,4.150531839136094,1
6571956,11,-22.84697,-43.3731,4.2382665204934655,1
2290642,1,-22.82364,-43.42186,4.332470568371918,1
5546583,150,-22.86167,-43.4541,4.376306401088973,1
6023916,108,-22.8699,-43.4552,4.5874476031072895,1
3176355,4,-22.88213,-43.37158,4.6854476331768105,1
6387152,48,-22.889,-43.44679,4.7518690648069635,1
2812584,1,-22.88246,-43.45365,4.923054066549308,1
6974708,14,-22.8478,-43.36527,4.961293063246502,1
9151583,16,-22.88049,-43.45521,4.966669532246814,1
6922031,27,-22.87221,-43.45854,4.978525811286161,1
5955645,18,-22.87128,-43.45959,5.059516550080315,2
3416372,204,-22.85456,-43.46303,5.345511149503306,2
7185081,1,-22.88499,-43.36527,5.404835406808964,2
7605935,221,-22.87978,-43.46051,5.432255260621698,2
2270463,166,-22.85694,-43.46443,5.457172645089015,2
7892802,49,-22.8477,-43.35916,5.563918507061786,2
3024032,63,-22.81118,-43.41842,5.6292854748635675,2
6427138,301,-22.87916,-43.46362,5.704466181385616,2
7088574,24,-22.81651,-43.38196,5.8307982017511835,2
6793231,15,-22.81514,-43.38181,5.969495682379389,2
5073898,1,-22.80778,-43.41714,5.9901092587166405,2
0193089,134,-22.88215,-43.46552,6.007166019011186,2
7561199,3,-22.88215,-43.46552,6.007166019011186,2
2293900,3,-22.80778,-43.41962,6.020430664480149,2
5465885,7,-22.91591,-43.42046,6.133283154671941,2
2284073,1,-22.81097,-43.38657,6.156294234543923,2
6899919,11,-22.80665,-43.4018,6.1655091043572,2
6680704,379,-22.82185,-43.36808,6.247088918500979,2
7810172,125,-22.87613,-43.47067,6.290935511674064,2
2284081,2,-22.80884,-43.38727,6.344450880753373,2
0199338,28,-22.88397,-43.35412,6.382001519289576,2
5478898,3,-22.80433,-43.40361,6.394553549286327,2
2269732,203,-22.84962,-43.35009,6.415860304978745,2
9057722,74,-22.83883,-43.35262,6.523537494267089,2
2269627,58,-22.8236,-43.362,6.578077141103979,2
7041624,18,-22.87766,-43.47356,6.621668951037814,2
3945995,7,-22.8081,-43.44038,6.628580285646748,2
5315050,17,-22.81741,-43.36625,6.731379277216929,2
7110162,479,-22.85164,-43.34646,6.7406166480915815,2
2270420,305,-22.87413,-43.47596,6.765672197593667,2
5315026,10,-22.82714,-43.35505,6.916170412953294,2
5546591,346,-22.86707,-43.4789,6.945859235783132,2
2270579,92,-22.86707,-43.4789,6.945859235783132,2
6927254,18,-22.89658,-43.3553,6.952005495816927,2
2708175,4,-22.89658,-43.3553,6.952005495816927,2
9078983,101,-22.83683,-43.34871,6.979132411500415,2
2286033,2,-22.80233,-43.43712,7.076720443478913,2
2696525,2,-22.80094,-43.43315,7.081928665527273,2
5044685,74,-22.83042,-43.34967,7.201188691749074,2
6661904,219,-22.88216,-43.3446,7.221974835483746,2
5417708,378,-22.87909,-43.34158,7.418073281913624,2
2296608,57,-22.91865,-43.37393,7.434049791743419,2
7996675,25,-22.8859,-43.34384,7.437824520295307,2
2286068,4,-22.7949,-43.42527,7.528862551137004,2
6029965,58,-22.82975,-43.34565,7.599753596817349,2
3130339,1,-22.80318,-43.37222,7.616228492928085,2
2278634,1,-22.80259,-43.37235,7.665102274152442,2
5468019,10,-22.87795,-43.3383,7.711370059211379,2
2270196,1,-22.85001,-43.48578,7.726764227940335,2
5717256,10,-22.82426,-43.34743,7.746081347252704,2
4056310,3,-22.84238,-43.48433,7.767230975185381,2
2270161,2,-22.84238,-43.48433,7.767230975185381,2
6681573,456,-22.87666,-43.3372,7.788363213904511,2
2270439,863,-22.85335,-43.48704,7.802844890477018,2
2269937,40,-22.87977,-43.33736,7.855086509362293,2
2269848,40,-22.88759,-43.48282,7.87677116334123,2
7071868,3,-22.9204,-43.36883,7.878012962883127,2
2270390,2,-22.86631,-43.33444,7.903038624609385,2
5526620,3,-22.79001,-43.42504,8.059345069222516,2
6037526,61,-22.92154,-43.36733,8.068825561869199,2
4335988,5,-22.92154,-43.36733,8.068825561869199,2
2286025,1,-22.78859,-43.40909,8.098305335661118,2
6852203,200,-22.88886,-43.4855,8.184120422247425,2
2298570,2,-22.79122,-43.43658,8.218482611635018,2
6742831,1503,-22.88291,-43.48847,8.251754118934157,2
2296586,28,-22.80459,-43.35741,8.395842848698024,2
2296543,195,-22.92084,-43.3604,8.42512815958382,2
5955629,595,-22.85557,-43.32931,8.434869635625203,2
9128867,8,-22.85557,-43.32931,8.434869635625203,2
7874162,103,-22.85861,-43.49443,8.514123906140332,2
2269309,31,-22.83755,-43.33209,8.547146060017662,2
4039785,1,-22.92728,-43.36703,8.62141533646834,2
7065485,28,-22.78531,-43.42766,8.622396051704767,2
3531228,100,-22.85627,-43.32646,8.720607977574758,2
6864708,719,-22.89479,-43.48849,8.728447464308827,2
2269295,98,-22.8534,-43.32589,8.805431802364486,2
9072640,50,-22.87485,-43.3266,8.815083215303948,2
9071385,43,-22.93839,-43.38827,8.883593223190793,2
2708205,47,-22.88603,-43.32822,8.950449421241379,2
2270552,51,-22.87976,-43.497,9.005895700447487,2
3058212,9,-22.8448,-43.32487,9.055171367680021,2
5879655,10,-22.82983,-43.32875,9.16650366874582,2
9131884,128,-22.83176,-43.32732,9.223169494503768,2
2291266,1152,-22.83029,-43.32787,9.23057697388937,2
7110340,2,-22.83029,-43.32787,9.23057697388937,2
2286106,6,-22.77845,-43.40261,9.266183066766313,2
7011857,3,-22.77806,-43.40305,9.305094916495793,2
2696711,10,-22.77965,-43.43184,9.327522944590058,2
6518893,9,-22.7883,-43.36402,9.466711860769891,2
2273349,12,-22.91807,-43.34187,9.509918436600962,2
7119798,145,-22.89177,-43.3244,9.530727587074278,2
2298708,115,-22.78273,-43.37165,9.648261005436085,2
6635016,6,-22.94005,-43.36843,9.791220588369205,2
2696533,1,-22.77582,-43.43768,9.88904794470674,2
2274868,4,-22.77412,-43.39183,9.908770431632291,2
3567508,119,-22.94966,-43.39092,10.036732109283086,3
2274876,1,-22.7795,-43.36917,10.08147753250343,3
2286041,25,-22.77105,-43.41992,10.083223125951134,3
2283832,36,-22.77242,-43.43144,10.104108770631125,3
3373665,13,-22.77079,-43.39525,10.209049644334218,3
2289474,1,-22.77079,-43.39525,10.209049644334218,3
2296691,1,-22.77079,-43.39525,10.209049644334218,3
9111344,54,-22.83246,-43.31619,10.271831422477929,3
5195500,4,-22.85024,-43.30926,10.53777236099267,3
9045023,10,-22.87925,-43.30834,10.7429178958546,3
6864651,310,-22.77553,-43.36216,10.798376848466116,3
9461086,73,-22.84868,-43.30683,10.806446034465916,3
0214949,5,-22.95159,-43.37114,10.844109041758758,3
0262196,1,-22.95159,-43.37114,10.844109041758758,3
2296535,151,-22.80883,-43.3216,10.900681533135394,3
6681379,35,-22.86398,-43.30497,10.907424976931221,3
9016805,56,-22.82242,-43.31351,10.926117282026594,3
2284510,46,-22.76825,-43.44653,10.965029146151926,3
2284189,19,-22.76825,-43.44653,10.965029146151926,3
3339823,1,-22.93707,-43.34251,10.981665185349902,3
2274663,53,-22.7796,-43.35097,11.002553563729506,3
6575900,182,-22.9499,-43.35928,11.196086836938418,3
4046307,37,-22.9499,-43.35928,11.196086836938418,3
7036884,432,-22.87403,-43.52013,11.229463389947014,3
9127100,39,-22.94634,-43.34902,11.403534253077634,3
2282097,13,-22.76024,-43.43999,11.623034071358346,3
7580126,6,-22.76024,-43.43999,11.623034071358346,3
6176666,148,-22.936,-43.33186,11.627237572112454,3
7985657,14,-22.82096,-43.30662,11.639446353595076,3
6914152,52,-22.86534,-43.29765,11.66184254415192,3
2273225,105,-22.86913,-43.29745,11.705584266402921,3
3019624,1,-22.82569,-43.30325,11.770933687563756,3
9101764,68,-22.89996,-43.30343,11.862424865669206,3
9307265,102,-22.87697,-43.52619,11.88881451685206,3
3019527,30,-22.76048,-43.45091,11.92940118250482,3
2284170,28,-22.76048,-43.45091,11.92940118250482,3
3051692,8,-22.75865,-43.4477,12.015045516195324,3
2281678,3,-22.75911,-43.45098,12.075213746319994,3
9887725,4,-22.7524,-43.40669,12.128594337716558,3
7986505,56,-22.88774,-43.29646,12.13362549700912,3
6631169,423,-22.90359,-43.30163,12.184086953857793,3
6932916,24,-22.81561,-43.30289,12.228564204416713,3
6038913,362,-22.83838,-43.29428,12.26974958718496,3
5967198,38,-22.78604,-43.32296,12.34242311006931,3
6035809,16,-22.75794,-43.36612,12.40359007702122,3
6425674,58,-22.75499,-43.45052,12.492441793465987,3
7892810,45,-22.95378,-43.34133,12.531396558941744,3
2270366,204,-22.87484,-43.5331,12.559334656339596,3
6310354,2,-22.90439,-43.29796,12.565440579164592,3
3006050,8,-22.9001,-43.29603,12.57754108761647,3
6927319,35,-22.96066,-43.35199,12.603980303451518,3
6159397,6,-22.97349,-43.39072,12.64356242081204,3
2289571,147,-22.74772,-43.40424,12.66064432743651,3
5457009,15,-22.80602,-43.30261,12.73494943913033,3
4016297,2,-22.7534,-43.4547,12.802211668483514,3
2269503,41,-22.88482,-43.28891,12.815788363179477,3
9567933,12,-22.88482,-43.28891,12.815788363179477,3
7764006,1,-22.88482,-43.28891,12.815788363179477,3
6579973,1,-22.74755,-43.39158,12.820139584653283,3
6742130,40,-22.8811,-43.28795,12.83520367170392,3
3567567,728,-22.89189,-43.53235,12.848064115375609,3
7995520,94,-22.97705,-43.40668,12.86998654307684,3
7588577,1,-22.78227,-43.31937,12.897391338615025,3
7417780,2,-22.78925,-43.31254,12.921959555371847,3
2269511,81,-22.92348,-43.51843,12.957581408836173,3
6212131,1,-22.75045,-43.45056,12.972841301631124,3
7239130,1,-22.79049,-43.30996,13.046473432812332,3
7894554,154,-22.85884,-43.53873,13.050624552716306,3
6716598,10,-22.9793,-43.42002,13.140901453094182,3
2295423,90,-22.92296,-43.3016,13.166480759133862,3
7723296,253,-22.90029,-43.53359,13.245221901699896,3
2270641,45,-22.85424,-43.54117,13.321515742126472,3
2269902,109,-22.81634,-43.29057,13.356137827803312,3
6664075,309,-22.84444,-43.28094,13.498887725340053,3
3014673,56,-22.7859,-43.30807,13.512465035399824,3
2277603,197,-22.78211,-43.31099,13.549681349557083,3
7244339,175,-22.79212,-43.30259,13.552052349701478,3
9650008,3,-22.79212,-43.30259,13.552052349701478,3
5179726,231,-22.84055,-43.28092,13.568248294996717,3
5364515,75,-22.79444,-43.30052,13.583981063403264,3
4084519,1,-22.78636,-43.30639,13.616399955284919,3
0980927,4,-22.7908,-43.30225,13.664561488995584,3
0679550,39,-22.74538,-43.4569,13.717253311998538,3
7516800,1,-22.90035,-43.53856,13.729568282407117,3
7087772,3,-22.90408,-43.28524,13.767513288007425,3
0807931,1,-22.90408,-43.28524,13.767513288007425,3
2283565,1,-22.81064,-43.28825,13.823470166954936,3
6664040,119,-22.82354,-43.28273,13.839709411344906,3
0182974,1,-22.78183,-43.30741,13.850258844218253,3
2269805,218,-22.89831,-43.28207,13.86979556950305,3
2280248,26,-22.90947,-43.28628,13.886861425199172,3
4178602,5,-22.90947,-43.28628,13.886861425199172,3
5677351,2,-22.90947,-43.28628,13.886861425199172,3
9311181,1,-22.8944,-43.54256,13.93052240878399,3
2708167,258,-22.90129,-43.28111,14.064617327850918,3
9262288,1,-22.89412,-43.27809,14.132883827102805,3
7421710,415,-22.90009,-43.27993,14.13825409050671,3
9075143,96,-22.85086,-43.27331,14.196525018648025,3
2270234,44,-22.82895,-43.27662,14.273410900217865,3
3784959,14,-22.82895,-43.27662,14.273410900217865,3
5414830,1,-22.82895,-43.27662,14.273410900217865,3
2798700,1,-22.75487,-43.48967,14.306343750042197,3
6927289,44,-22.96971,-43.33543,14.338755520584026,3
7591136,17,-22.73727,-43.44942,14.3414392743026,3
3784630,4,-22.89607,-43.27647,14.3499643459642,3
0089338,3,-22.89778,-43.27667,14.382481190778966,3
0932280,180,-22.87279,-43.27155,14.383327414496005,3
5158044,312,-22.91263,-43.28217,14.41149444346166,3
2296527,149,-22.84212,-43.27212,14.430509454971348,3
9391983,14,-22.84212,-43.27212,14.430509454971348,3
2270471,507,-22.87511,-43.27102,14.462232262817833,3
6926797,120,-22.87511,-43.27102,14.462232262817833,3
2296306,386,-22.90223,-43.27725,14.472815197480271,3
6694101,1,-22.90223,-43.27725,14.472815197480271,3
2277549,1,-22.77974,-43.30138,14.475897899772027,3
9131795,13,-22.8985,-43.27561,14.509251498155052,3
7544243,8,-22.86196,-43.55378,14.589560977887365,3
6664164,77,-22.84159,-43.27056,14.597406171644925,3
5476585,2,-22.84159,-43.27056,14.597406171644925,3
2270013,101,-22.9846,-43.46114,14.617250267518632,3
5465877,21,-22.9846,-43.46114,14.617250267518632,3
7427549,2826,-22.78164,-43.29714,14.688304370615494,3
7625987,996,-22.78164,-43.29714,14.688304370615494,3
6007317,211,-22.78164,-43.29714,14.688304370615494,3
6444547,2,-22.78164,-43.29714,14.688304370615494,3
6512925,1229,-22.8596,-43.26748,14.74640242092688,3
3784975,318,-22.8596,-43.26748,14.74640242092688,3
6524486,30,-22.8596,-43.26748,14.74640242092688,3
6716938,490,-22.9876,-43.36543,14.802312277918153,3
7458940,177,-22.9876,-43.36543,14.802312277918153,3
7251491,168,-22.9876,-43.36543,14.802312277918153,3
2270609,15,-22.9876,-43.36543,14.802312277918153,3
5466032,9,-22.9876,-43.36543,14.802312277918153,3
7873565,7,-22.9876,-43.36543,14.802312277918153,3
9482563,1,-22.9876,-43.36543,14.802312277918153,3
2277964,1,-22.78958,-43.28922,14.85014540459099,3
6033121,16,-22.9063,-43.27432,14.903405080000296,3
6919626,105,-22.88103,-43.2673,14.923019196626845,3
6820018,34,-22.88103,-43.2673,14.923019196626845,3
9715444,137,-22.87788,-43.55612,14.94126402885048,3
9107835,19,-22.85445,-43.26485,15.034629207869362,3
5955653,283,-22.88317,-43.55664,15.077097245291784,3
7333560,5,-22.88317,-43.55664,15.077097245291784,3
7505337,1,-22.88317,-43.55664,15.077097245291784,3
3333868,116,-22.99701,-43.40927,15.081962399775794,3
2269546,149,-22.87525,-43.55823,15.123379406527485,3
2280744,44,-22.91217,-43.27401,15.163805794664647,3
3146685,6,-22.90921,-43.55015,15.177031269966509,3
6473113,2,-22.90921,-43.55015,15.177031269966509,3
2271451,13,-22.84528,-43.26403,15.20522187487731,3
7642423,38,-22.99342,-43.37147,15.239771434892623,3
9993576,2,-22.99342,-43.37147,15.239771434892623,3
6832512,1,-22.9028,-43.55441,15.358311184919856,3
9061401,284,-22.88409,-43.55926,15.358527575391891,3
2295407,1181,-22.90405,-43.55427,15.386846591312471,3
6038905,140,-22.90405,-43.55427,15.386846591312471,3
7110170,126,-22.90405,-43.55427,15.386846591312471,3
2270633,81,-22.90405,-43.55427,15.386846591312471,3
7505140,14,-22.90405,-43.55427,15.386846591312471,3
0408573,6,-22.90405,-43.55427,15.386846591312471,3
0942197,3,-22.90405,-43.55427,15.386846591312471,3
2976706,1,-22.90405,-43.55427,15.386846591312471,3
7087764,1,-22.90405,-43.55427,15.386846591312471,3
2798662,125,-22.73094,-43.46156,15.390048112991586,3
6038891,322,-22.90091,-43.26718,15.413304099131327,3
7595905,25,-22.74503,-43.49468,15.50154311690686,3
6221408,3,-22.88964,-43.55981,15.526811213932445,3
2280736,95,-22.89285,-43.26337,15.56261042118545,3
5154197,122,-22.91393,-43.5522,15.562993135095715,3
6091997,44,-22.77317,-43.52974,15.600289012812938,3
6688152,26,-22.89806,-43.26354,15.685888180321804,3
7359810,1,-22.90409,-43.55751,15.704274034452277,3
3046281,167,-22.89757,-43.56129,15.875130324638992,3
7659415,606,-22.91223,-43.55668,15.921279916497376,3
9283986,1,-22.91223,-43.55668,15.921279916497376,3
6762042,109,-22.90336,-43.26122,16.076312269675586,3
2280272,399,-22.91792,-43.26605,16.16098675531966,3
3005984,3,-22.91911,-43.26623,16.19592221886139,3
6023320,18,-22.86426,-43.25283,16.24897366458858,3
2269880,6,-22.86646,-43.25233,16.30668722059473,3
7892829,59,-22.98767,-43.33003,16.327845583163462,3
2295032,69,-22.85207,-43.25199,16.36547327567873,3
6029825,104,-22.91856,-43.55863,16.368156534604914,3
2270331,100,-22.91856,-43.55863,16.368156534604914,3
6713564,26,-22.90133,-43.25585,16.541601914774045,3
2269554,256,-22.89785,-43.56925,16.67279407389744,3
2296551,67,-22.84197,-43.24947,16.731379902139388,3
5456932,99,-22.88257,-43.24967,16.735054797399545,3
2288338,601,-22.86363,-43.24804,16.73851116156084,3
4046544,4,-22.86363,-43.24804,16.73851116156084,3
9442251,7,-22.85611,-43.2468,16.874384855640905,3
6033075,7,-22.74957,-43.29909,16.943975614426765,3
3785025,163,-22.91696,-43.25713,16.96738921873317,3
9345515,13,-22.84933,-43.24621,16.97808023222182,3
5476844,13,-22.85955,-43.24535,17.013756365452952,3
9061398,250,-22.87205,-43.57763,17.073670319147322,3
7052049,11,-22.89296,-43.2481,17.093082056402118,3
6784720,9,-22.9902,-43.31906,17.16276980910252,3
0265233,4,-22.9902,-43.31906,17.16276980910252,3
5955211,267,-22.87417,-43.24335,17.275082749880504,3
3013146,55,-22.90461,-43.57338,17.276939228044522,3
2277751,84,-22.75254,-43.29092,17.290819694673385,3
9067078,149,-22.92648,-43.25669,17.421371774948785,3
6421482,531,-22.89045,-43.24279,17.572538091652124,3
6808077,175,-22.89045,-43.24279,17.572538091652124,3
6514022,63,-22.89045,-43.24279,17.572538091652124,3
2280167,54,-22.83553,-43.24215,17.578695053128527,3
5476607,9,-22.86573,-43.23922,17.6468162840788,3
6753469,29,-22.89427,-43.24197,17.737543644683736,3
6023975,44,-22.90123,-43.24312,17.798525794868425,3
2296616,69,-22.84154,-43.23872,17.830146334241135,3
5598435,40,-22.9033,-43.24307,17.86202656585803,3
2269384,19,-22.92704,-43.2521,17.875431694847784,3
2269392,1,-22.90592,-43.24343,17.90463696925642,3
2280280,85,-22.96391,-43.27608,17.944812767439952,3
2296705,105,-22.71925,-43.32821,17.958623057818862,3
5358612,71,-22.9355,-43.25541,17.97733850453812,3
2270242,1,-22.90459,-43.24022,18.18133227326525,3
9079939,217,-22.88854,-43.23625,18.195228850212327,3
0379077,11,-22.84319,-43.23437,18.251175058643895,3
9614133,7,-22.92251,-43.24343,18.498964299933714,3
2778696,91,-22.9395,-43.25164,18.525505486991264,3
2269341,61,-22.90843,-43.23786,18.530350660454186,3
7036914,98,-22.89173,-43.59016,18.62306644881866,3
5621720,44,-22.89173,-43.59016,18.62306644881866,3
9214763,9,-23.00763,-43.32206,18.657726807576864,3
7642415,4,-23.00763,-43.32206,18.657726807576864,3
4184432,1,-23.00763,-43.32206,18.657726807576864,3
5328942,1,-23.00763,-43.32206,18.657726807576864,3
2269783,13,-22.91433,-43.23716,18.79383913737234,3
7518919,710,-22.92175,-43.23594,19.18494945476136,3
5955661,19,-22.93224,-43.2403,19.214639733765342,3
5671388,12,-22.93224,-43.2403,19.214639733765342,3
7065515,4,-22.93224,-43.2403,19.214639733765342,3
5380340,2,-22.93224,-43.2403,19.214639733765342,3
7333544,2,-22.93224,-43.2403,19.214639733765342,3
7505159,2,-22.93224,-43.2403,19.214639733765342,3
7156405,1,-22.93224,-43.2403,19.214639733765342,3
2708213,96,-23.02158,-43.48252,19.244165192773185,3
6029922,95,-22.89943,-43.59469,19.249000563159736,3
3134172,10,-23.01943,-43.48834,19.259185240549343,3
9199233,3,-23.01943,-43.48834,19.259185240549343,3
9384731,1,-23.01943,-43.48834,19.259185240549343,3
2277298,171,-22.87792,-43.22403,19.283511475455573,3
4030990,16,-22.87792,-43.22403,19.283511475455573,3
2298724,3,-22.87792,-43.22403,19.283511475455573,3
3046303,17,-22.90146,-43.22791,19.3174428835915,3
5160308,15,-22.92047,-43.23267,19.450652903521494,3
2270714,1,-22.89432,-43.22472,19.47126952023217,3
6559727,126,-22.91243,-43.59328,19.47832965260258,3
2280787,105,-22.94239,-43.24276,19.479949509993496,3
2269538,381,-22.90818,-43.59559,19.57422284127101,3
3048721,2,-22.91623,-43.22977,19.578864337833927,3
3567540,141,-22.91109,-43.59551,19.65464713719798,3
2269376,391,-22.92835,-43.23372,19.66373078293563,3
9057706,85,-22.90121,-43.22422,19.679209423638866,3
2270250,70,-22.90121,-43.22422,19.679209423638866,3
0241873,1,-22.92555,-43.23232,19.681725296597037,3
9048839,1,-22.92555,-43.23232,19.681725296597037,3
3607402,5,-22.92771,-43.23192,19.807942687998633,3
2269724,19,-22.81239,-43.22499,19.863781352528765,3
2273519,79,-22.92941,-43.2318,19.890355782297647,3
0032247,3,-22.92941,-43.2318,19.890355782297647,3
9834338,2,-22.88869,-43.21922,19.920398095742215,3
9377476,1,-22.91343,-43.22522,19.92987706459166,3
