local,resolution,features,stage,seed,model,MSE,RMSE,MAE,R2,MAPE (ign. zeros),SMAPE,Poisson_Deviance,Pearson,Spearman
RJ,DAILY,CASEONLY,BASELINE_METHOD_CORRECTED_V2,987,rf,0.1482352416224175,0.3850133005785872,0.0479303318310948,0.3556868408526883,80.9760018002164,5.757616124906666,1.0656397669301434,0.5982191972583781,0.3760826524907188
RJ,DAILY,CASEONLY,BASELINE_METHOD_CORRECTED_V2,987,xgb_poisson,0.153603141314533,0.3919223664382182,0.047274403938542,0.3323549504684671,81.02206180782765,5.652097876073021,1.0859752831049645,0.5793290130059885,0.3776361086136223
RJ,DAILY,CASEONLY,BASELINE_METHOD_CORRECTED_V2,987,xgb_zip,0.1659958651257567,0.4074259013928259,0.0461112846370086,0.2784892506398907,97.5454419052375,4.848612995068575,1.5491583649815326,0.5461372242626643,0.3049923305069801
RJ,DAILY,CASEONLY,METHOD_CORRECTED_V2,107,rf,0.1484747073609685,0.3853241588078387,0.047955617033302,0.3546459889957032,80.83499947981193,5.765063718580494,1.059756215628748,0.5971003821896022,0.3776058613822752
RJ,DAILY,CASEONLY,METHOD_CORRECTED_V2,107,xgb_poisson,0.1482129311498817,0.384984325849614,0.0473636458286853,0.3557838146281838,80.65165252958336,5.698274520004895,1.0636107685012122,0.5990406154917246,0.3800061871341552
RJ,DAILY,CASEONLY,METHOD_CORRECTED_V2,107,xgb_zip,0.1609135394820995,0.4011402990003617,0.0454137105290556,0.3005798766977694,95.39523869018966,4.8355666019267325,1.4958324803978071,0.5525684260093177,0.3187037518951719
RJ,DAILY,CASEONLY,METHOD_CORRECTED_V2,109,rf,0.1483185340532179,0.3851214536392616,0.0479928011541951,0.3553248054241718,80.55072546996217,5.780863073838496,1.056951542079703,0.5976359041251685,0.377910713385023
RJ,DAILY,CASEONLY,METHOD_CORRECTED_V2,109,xgb_poisson,0.1484271116862255,0.3852623932934871,0.047375544747371,0.3548528663834269,80.84477489996806,5.687071163539632,1.0668053218974922,0.5982611538941502,0.3797397029313383
RJ,DAILY,CASEONLY,METHOD_CORRECTED_V2,109,xgb_zip,0.162124254458376,0.4026465627052789,0.0455208007972275,0.2953174331475461,95.19226244592552,4.839699606780652,1.4928582140887183,0.5479337542102041,0.3191021806525361
RJ,DAILY,CASEONLY,METHOD_CORRECTED_V2,140,rf,0.1477934942662085,0.3844391944979187,0.0479258697365876,0.3576069216074996,80.67640005778179,5.775468324063414,1.060653308085853,0.5995555438426237,0.3769588234275478
RJ,DAILY,CASEONLY,METHOD_CORRECTED_V2,140,xgb_poisson,0.1484732199961328,0.3853222287853802,0.0474246277869498,0.3546524539140695,80.44564108012884,5.717962948277301,1.0625674787613633,0.5979980363575313,0.3796148404629907
RJ,DAILY,CASEONLY,METHOD_CORRECTED_V2,140,xgb_zip,0.1624276768848631,0.4030231716475655,0.0451459848586259,0.293998589800807,95.80793383235005,4.817542185867996,1.5283948698630716,0.5461872760260754,0.3110886106827516
RJ,DAILY,CASEONLY,METHOD_CORRECTED_V2,149,rf,0.1480508083827882,0.3847737106180569,0.0479422307497806,0.356488490730118,80.73811193127389,5.7711932001048165,1.0597538630599328,0.598591179753611,0.3774723355880111
RJ,DAILY,CASEONLY,METHOD_CORRECTED_V2,149,xgb_poisson,0.1468058840152901,0.3831525597138692,0.0474261151517855,0.3618996274027678,80.33442486595925,5.72969038209677,1.0555854822031807,0.6033734694418306,0.3812483155834645
RJ,DAILY,CASEONLY,METHOD_CORRECTED_V2,149,xgb_zip,0.16339148929841,0.404217131376702,0.0460889741644728,0.2898093226994007,94.82774472546215,4.866737155588655,1.4609438608830054,0.5435088651407983,0.3262918099633648
RJ,DAILY,CASEONLY,METHOD_CORRECTED_V2,220,rf,0.1484657831719542,0.3853125785280754,0.0479675159519878,0.3546847785059014,80.7215854405081,5.771308749179849,1.0588850000290504,0.5971246523503965,0.3776139349034108
RJ,DAILY,CASEONLY,METHOD_CORRECTED_V2,220,xgb_poisson,0.1465634435470676,0.3828360530920092,0.0473800068418782,0.3629534090964857,80.54417973828845,5.715556190797988,1.0563525961508615,0.6040016560336101,0.3811759974508984
RJ,DAILY,CASEONLY,METHOD_CORRECTED_V2,220,xgb_zip,0.1621941606056549,0.402733361674514,0.0458286853182217,0.2950135819843268,94.84374501047498,4.854043161574899,1.4634133467282893,0.5477622981305359,0.3272800380970871
RJ,DAILY,CASEONLY,METHOD_CORRECTED_V2,222,rf,0.1479437181146163,0.384634525380414,0.0479303318310948,0.3569539648524964,80.79052389754638,5.775013872095017,1.0621981704626535,0.5990111716595296,0.3762317701267381
RJ,DAILY,CASEONLY,METHOD_CORRECTED_V2,222,xgb_poisson,0.1476908660925438,0.384305693546874,0.04746627400235,0.358053000974779,80.43382005750614,5.723238186011077,1.0579810495484132,0.6005830370629437,0.3805695548768187
RJ,DAILY,CASEONLY,METHOD_CORRECTED_V2,222,xgb_zip,0.1622060595243407,0.4027481341041082,0.0449630389838323,0.2949618626373959,95.54168839107884,4.810157973642962,1.527798236907259,0.5470386903670514,0.312347746644853
RJ,DAILY,CASEONLY,METHOD_CORRECTED_V2,241,rf,0.1485981586423334,0.3854843169862211,0.0479957758838665,0.3541094007712946,80.70567117247319,5.779080872631588,1.0609272039983333,0.5966121512158579,0.376693091985245
RJ,DAILY,CASEONLY,METHOD_CORRECTED_V2,241,xgb_poisson,0.1472892775868993,0.3837828521272143,0.0472937396814064,0.3597985289336982,80.54477430920142,5.6982493023036,1.0596724938122717,0.6016085150641036,0.3810840518526761
RJ,DAILY,CASEONLY,METHOD_CORRECTED_V2,241,xgb_zip,0.1632427528148379,0.4040331085626992,0.0450805408058542,0.2904558145360375,95.85212466442884,4.821854352057255,1.544082568006128,0.5430182719893589,0.3066776656507493
RJ,DAILY,CASEONLY,METHOD_CORRECTED_V2,248,rf,0.1479898264245236,0.3846944585310837,0.0480002379783737,0.3567535523831391,80.73159292894275,5.778107703124051,1.0593984082914063,0.5987978887551829,0.3772506735332082
RJ,DAILY,CASEONLY,METHOD_CORRECTED_V2,248,xgb_poisson,0.1475257685957788,0.3840908337825557,0.0474826350155429,0.3587706069134457,80.31017321040093,5.720466976584283,1.055416952756832,0.6006102881072674,0.3818425682637478
RJ,DAILY,CASEONLY,METHOD_CORRECTED_V2,248,xgb_zip,0.1606963842160843,0.4008695351558713,0.0459848586259723,0.3015237547792592,94.52906252956392,4.867643986766926,1.4504636140718743,0.553917703707277,0.3299840213503385
RJ,DAILY,CASEONLY,METHOD_CORRECTED_V2,254,rf,0.1479139708179019,0.38459585387508,0.0479898264245236,0.3570832632198237,80.65849217346397,5.787399049137123,1.0575055332241938,0.5990922264842578,0.3772692858880006
RJ,DAILY,CASEONLY,METHOD_CORRECTED_V2,254,xgb_poisson,0.1482635015542962,0.3850499987719727,0.0474439635298142,0.3555640074037274,80.59172617775019,5.721820506416815,1.0628982728655545,0.5982117013176315,0.3787416012283771
RJ,DAILY,CASEONLY,METHOD_CORRECTED_V2,254,xgb_zip,0.1618505793286035,0.4023065738073434,0.044964526348668,0.2965069781269577,95.45369124954316,4.8120514001106205,1.523365902537235,0.5484900485528709,0.3136273182201381
RJ,DAILY,CASEONLY,METHOD_CORRECTED_V2,75,rf,0.1480151116267309,0.3847273211337231,0.0479660285871521,0.3566436487709108,80.88824659806423,5.77039789520015,1.0616382907569435,0.5987080983642759,0.3764760530248826
RJ,DAILY,CASEONLY,METHOD_CORRECTED_V2,75,xgb_poisson,0.1480329600047595,0.3847505165750393,0.0475108949474216,0.3565660697505144,80.53688922915826,5.721403989827689,1.059074028721474,0.5988351100982712,0.3805506488723889
RJ,DAILY,CASEONLY,METHOD_CORRECTED_V2,75,xgb_zip,0.1629586661312153,0.4036813918565176,0.0451355733047759,0.2916906139440137,95.57514014151016,4.818583652771044,1.529803113791486,0.5441438179923751,0.3110819918940743
RJ,DAILY,FULL,BASELINE_METHOD_CORRECTED_V2,987,rf,0.1494965270031086,0.3866478074464002,0.047870837237666,0.3502045900780085,80.64983795395455,5.753920826099454,1.0666225566351306,0.5933630744404377,0.3750731977974337
RJ,DAILY,FULL,BASELINE_METHOD_CORRECTED_V2,987,xgb_poisson,0.1527598054526794,0.3908449890336058,0.0465768298305891,0.3360205591821976,81.82310243412253,5.562447928193991,1.1107984484221234,0.58814694076897,0.3736286218526951
RJ,DAILY,FULL,BASELINE_METHOD_CORRECTED_V2,987,xgb_zip,0.1647613523121086,0.4059080589395936,0.0459595734237651,0.283855132883976,97.43025999282014,4.862766622012414,1.5748523246221766,0.5447691814040407,0.2969837478345252
RJ,DAILY,FULL,METHOD_CORRECTED_V2,107,rf,0.1486070828313477,0.3854958921069688,0.0476090610265792,0.3540706112610964,80.57626304523635,5.718323076171375,1.0640991924904362,0.5965770766511669,0.3781494508711051
RJ,DAILY,FULL,METHOD_CORRECTED_V2,107,xgb_poisson,0.1473532342748352,0.3838661671401053,0.0470869959692413,0.3595205374439444,80.63567441830021,5.674597084842321,1.0657241674747455,0.6020114859818857,0.3798685799119911
RJ,DAILY,FULL,METHOD_CORRECTED_V2,107,xgb_zip,0.1608049618490919,0.4010049399310337,0.0461499561227373,0.3010518157385142,94.56436718853844,4.87827818093688,1.4435796711046862,0.5519892356670477,0.32941728955095
RJ,DAILY,FULL,METHOD_CORRECTED_V2,109,rf,0.1495976678119376,0.3867785772401796,0.047695328187051,0.3497649756290955,80.58951661705122,5.728308381877123,1.0616686604067471,0.5930082182936691,0.3781235894569826
RJ,DAILY,FULL,METHOD_CORRECTED_V2,109,xgb_poisson,0.1475495664331504,0.384121811972648,0.047173263129713,0.3586671682195839,80.65498966612148,5.682640045146524,1.0679554749635711,0.6011772849300331,0.3789748435046394
RJ,DAILY,FULL,METHOD_CORRECTED_V2,109,xgb_zip,0.1608480954293278,0.4010587181814252,0.0456278910653994,0.3008643331058896,94.96020485509192,4.84911194212375,1.476303089758637,0.5519185890573637,0.3224250484262543
RJ,DAILY,FULL,METHOD_CORRECTED_V2,140,rf,0.1489729745809349,0.3859701731752532,0.0476536819716508,0.3524802413429699,80.63051379286078,5.72340490894491,1.0634706351258505,0.5952639649859284,0.3777575384508175
RJ,DAILY,FULL,METHOD_CORRECTED_V2,140,xgb_poisson,0.1479898264245236,0.3846944585310837,0.047200035696756,0.3567535523831391,80.58247148183426,5.687381178497743,1.0639560663794554,0.5994644071329582,0.3802904009712873
RJ,DAILY,FULL,METHOD_CORRECTED_V2,140,xgb_zip,0.1599631133520741,0.399953889032316,0.0453646274894768,0.3047109595338785,94.84917123216722,4.843900309159482,1.4856930599312417,0.5554915928808165,0.319685210718165
RJ,DAILY,FULL,METHOD_CORRECTED_V2,149,rf,0.1491112995106569,0.3861493228152251,0.0475808010947005,0.3518790039348978,80.7456725147371,5.713179291091733,1.0646683817848357,0.5947607007466353,0.3777803345632951
RJ,DAILY,FULL,METHOD_CORRECTED_V2,149,xgb_poisson,0.1483839781059896,0.385206409741569,0.0470081656329481,0.3550403490160516,80.74848030050654,5.653813577772808,1.072173155148911,0.6001973871555397,0.3792005653737949
RJ,DAILY,FULL,METHOD_CORRECTED_V2,149,xgb_zip,0.1625570776255707,0.4031836772806791,0.044900569660732,0.2934361419029331,95.56209342556582,4.816987860348297,1.5455787103872374,0.546153737717529,0.3064712070847771
RJ,DAILY,FULL,METHOD_CORRECTED_V2,220,rf,0.1493016822096292,0.3863957585295537,0.0476402956881293,0.3510514943840026,80.67291408436195,5.714521367654677,1.0637434906081231,0.5940588262193413,0.3779743354143833
RJ,DAILY,FULL,METHOD_CORRECTED_V2,220,xgb_poisson,0.1468356313120045,0.3831913768758432,0.0470750970505555,0.3617703290354405,80.63309061894161,5.684630137720042,1.06616340611,0.6035570003189825,0.3792485461918431
RJ,DAILY,FULL,METHOD_CORRECTED_V2,220,xgb_zip,0.1605476477325123,0.4006839748885801,0.0450864902651971,0.3021702466158958,95.2738355155114,4.82592940303351,1.5138213081431005,0.5536234729494525,0.3128154372621984
RJ,DAILY,FULL,METHOD_CORRECTED_V2,222,rf,0.1483423318905894,0.385152348935573,0.047594187378222,0.3552213667303099,80.62543745724341,5.726784191642122,1.0624210662918891,0.5975523664016346,0.3775523995534179
RJ,DAILY,FULL,METHOD_CORRECTED_V2,222,xgb_poisson,0.1475049454880787,0.3840637258165352,0.047152440022013,0.358861115770575,80.68973109709303,5.681264080184704,1.0642445076872438,0.6011172174435557,0.3802927849197843
RJ,DAILY,FULL,METHOD_CORRECTED_V2,222,xgb_zip,0.1600359942290244,0.4000449902561266,0.046204988621659,0.3043941785339265,94.4317771931022,4.8988291116821845,1.4380787883274273,0.5550037277283384,0.3257955597296536
RJ,DAILY,FULL,METHOD_CORRECTED_V2,241,rf,0.1493775378162509,0.3864939039832982,0.0476596314309937,0.3507217835473178,80.61905533581479,5.720803526907248,1.0638949250479863,0.593771407288943,0.37811376324147
RJ,DAILY,FULL,METHOD_CORRECTED_V2,241,xgb_poisson,0.148461321077447,0.3853067882576779,0.0471301295494771,0.3547041732610004,80.84719785159086,5.663835305861075,1.0724585684105172,0.5997372983077328,0.3783656511647609
RJ,DAILY,FULL,METHOD_CORRECTED_V2,241,xgb_zip,0.1595436764684009,0.3994291883030094,0.0456234289708922,0.3065340665131941,94.72826469714887,4.863573169608334,1.4726961222649648,0.5570104373411108,0.3201010278258198
RJ,DAILY,FULL,METHOD_CORRECTED_V2,248,rf,0.1485669239807832,0.3854438013261897,0.0476521946068151,0.3542451640569883,80.59234355334493,5.727136499214101,1.062489275258697,0.5967107785899747,0.3780062206808779
RJ,DAILY,FULL,METHOD_CORRECTED_V2,248,xgb_poisson,0.1460547647732512,0.3821711197529861,0.0470022161736052,0.3651644111777835,80.7247099415513,5.668444537314931,1.066247677070018,0.6064538766337918,0.3802521242224191
RJ,DAILY,FULL,METHOD_CORRECTED_V2,248,xgb_zip,0.1624217274255202,0.403015790541165,0.0448931328365534,0.2940244494742725,95.50131931406992,4.817979283365842,1.5433997345634591,0.546742921290842,0.3081886896001546
RJ,DAILY,FULL,METHOD_CORRECTED_V2,254,rf,0.1487796171522913,0.3857196094992984,0.0476477325123079,0.3533206807305977,80.78996146966232,5.727322092135269,1.0670012353346918,0.5959684450095748,0.3764252709911193
RJ,DAILY,FULL,METHOD_CORRECTED_V2,254,xgb_poisson,0.1472297829934704,0.383705333548376,0.0470379129296625,0.360057125668353,80.65588728245395,5.667739307466106,1.0664209174017711,0.6024127712830553,0.3801849883849176
RJ,DAILY,FULL,METHOD_CORRECTED_V2,254,xgb_zip,0.159170347894635,0.3989615869913231,0.0459551113292579,0.3081567610231525,94.4128422956912,4.878470541920356,1.437226395808048,0.5582219267444197,0.3279885053200043
RJ,DAILY,FULL,METHOD_CORRECTED_V2,75,rf,0.1493656388975651,0.3864785102661792,0.0476239346749364,0.3507735028942489,80.74744233407316,5.715194734355824,1.063675593709735,0.5938397331397414,0.3783411653658907
RJ,DAILY,FULL,METHOD_CORRECTED_V2,75,xgb_poisson,0.1470156024571267,0.3834261368987862,0.0470081656329481,0.3609880739131099,81.03927225313545,5.657062359461404,1.0745532546958338,0.6025482477201201,0.3782390318792571
RJ,DAILY,FULL,METHOD_CORRECTED_V2,75,xgb_zip,0.1604792289500691,0.4005985883026414,0.0453928874213555,0.3024676328607488,94.854970747785,4.840768320752114,1.474005758671771,0.5534805397891545,0.3215271507031084
RJ,WEEKLY,CASEONLY,BASELINE_METHOD_CORRECTED_V2,987,rf,1.7151365653626809,1.309632225230687,0.2408420564392861,0.6767116248534242,70.7459902635224,17.386784159228693,2.744248176566126,0.8229848725911817,0.6140484366775067
RJ,WEEKLY,CASEONLY,BASELINE_METHOD_CORRECTED_V2,987,xgb_poisson,1.8930457607286295,1.3758799950317724,0.2455330318459251,0.6431772837082164,70.57280338386977,17.482686149143177,2.8784986069579475,0.8089585061119852,0.6069539385004346
RJ,WEEKLY,CASEONLY,BASELINE_METHOD_CORRECTED_V2,987,xgb_zip,2.037359138968829,1.4273609000420422,0.2611766442132338,0.6159754628705143,97.6470790326667,15.763877322926012,4.670980719285724,0.7853828251881672,0.5697320756833804
RJ,WEEKLY,CASEONLY,METHOD_CORRECTED_V2,107,rf,1.6969735302488853,1.3026793658644038,0.2384280488704763,0.6801351995286149,69.34672057278165,17.44429393834793,2.720651440357558,0.8251678062125541,0.6144133290883202
RJ,WEEKLY,CASEONLY,METHOD_CORRECTED_V2,107,xgb_poisson,1.6713892666266088,1.2928222099834954,0.2394084100228751,0.6849576114477605,69.51010809517149,17.417114295254336,2.7279696661368877,0.8319391255038626,0.6151519503373652
RJ,WEEKLY,CASEONLY,METHOD_CORRECTED_V2,107,xgb_zip,1.9857478679780316,1.4091656637805334,0.2537132496336822,0.6257037400671096,91.98841176738432,15.563721211087431,4.579017246321137,0.794850212817201,0.5762846032576104
RJ,WEEKLY,CASEONLY,METHOD_CORRECTED_V2,109,rf,1.7115102832505824,1.308247026845688,0.2393662439518041,0.6773951475976294,69.1429536590289,17.56276078612064,2.679285360068158,0.8234072633666604,0.6143181904063748
RJ,WEEKLY,CASEONLY,METHOD_CORRECTED_V2,109,xgb_poisson,1.6933683311723222,1.3012948671121094,0.239798446180281,0.6808147483033771,69.39897172761367,17.430152893390535,2.737822280847414,0.8301455814272429,0.6147067064652272
RJ,WEEKLY,CASEONLY,METHOD_CORRECTED_V2,109,xgb_zip,1.9944762446897104,1.4122592696419842,0.2528910112477994,0.6240585167176854,92.00384638845613,15.514959618461267,4.533340303368432,0.7934040237218654,0.5777317542142241
RJ,WEEKLY,CASEONLY,METHOD_CORRECTED_V2,140,rf,1.7240968554652498,1.313048687393293,0.2388391680634177,0.6750226878401264,69.37995038664442,17.496158183057428,2.6978267293484315,0.8219808236689214,0.6142405307134209
RJ,WEEKLY,CASEONLY,METHOD_CORRECTED_V2,140,xgb_poisson,1.6600044274374623,1.288411590850324,0.239914402875726,0.6871035549470095,69.56719467625376,17.566250360113823,2.7247185401468417,0.8332285802697101,0.6127056820401252
RJ,WEEKLY,CASEONLY,METHOD_CORRECTED_V2,140,xgb_zip,2.0420079483043967,1.4289884353291304,0.2550309393546482,0.6150992026083211,92.58496763030917,15.536546441622187,4.579337494302152,0.7872169286120122,0.577674240338496
RJ,WEEKLY,CASEONLY,METHOD_CORRECTED_V2,149,rf,1.7205338224597575,1.311691206976611,0.2398511537691196,0.6756942886760025,68.64414458054917,17.725175951342276,2.658337799147288,0.8223641685298934,0.612926455590469
RJ,WEEKLY,CASEONLY,METHOD_CORRECTED_V2,149,xgb_poisson,1.6763437799774412,1.2947369539707445,0.2389867493121659,0.6840237286286428,69.64178106210399,17.40810895215174,2.7611101543240544,0.8315136026996697,0.6143240853278871
RJ,WEEKLY,CASEONLY,METHOD_CORRECTED_V2,149,xgb_zip,1.9460379705469997,1.3950046489338304,0.2539346215068045,0.6331887115131011,92.91057991355537,15.576668117789383,4.518866217157773,0.8002632861890336,0.5764507020179037
RJ,WEEKLY,CASEONLY,METHOD_CORRECTED_V2,220,rf,1.7191318005966498,1.311156665161204,0.2391659551142173,0.6759585576439655,69.19912225838458,17.54523822198228,2.69132717377934,0.8225370999279169,0.6142303913338859
RJ,WEEKLY,CASEONLY,METHOD_CORRECTED_V2,220,xgb_poisson,1.6783466683533097,1.295510196159532,0.2404836448351833,0.6836462015315528,69.70714979203093,17.54681510761077,2.7491057965775414,0.8305633573752813,0.6125634690021606
RJ,WEEKLY,CASEONLY,METHOD_CORRECTED_V2,220,xgb_zip,1.9560524124263408,1.398589436691963,0.2582355607560376,0.6313010760276506,91.70599195672484,15.649908939424654,4.139245634157774,0.7961977662630445,0.5887671451996203
RJ,WEEKLY,CASEONLY,METHOD_CORRECTED_V2,222,rf,1.7084321600624055,1.3070700670057462,0.2390289153832368,0.6779753471363152,69.40693863262968,17.48721176171429,2.700413607765315,0.8237854021002999,0.6146478404449959
RJ,WEEKLY,CASEONLY,METHOD_CORRECTED_V2,222,xgb_poisson,1.6861263084658928,1.2985092639122344,0.2402306484087578,0.6821798068070659,69.57556603472212,17.58419953138233,2.724001056727686,0.8284585257176328,0.6126830676894721
RJ,WEEKLY,CASEONLY,METHOD_CORRECTED_V2,222,xgb_zip,1.9666255547473728,1.4023642731998605,0.255779387116157,0.6293081303519592,93.06777862789136,15.61180377265142,4.531923593094938,0.7992418131369131,0.5769877744773318
RJ,WEEKLY,CASEONLY,METHOD_CORRECTED_V2,241,rf,1.700873891822945,1.304175560199985,0.2389129586877918,0.6794000151816499,69.22989594947447,17.50313265647914,2.6947084269980683,0.8247047330055212,0.6146270737776257
RJ,WEEKLY,CASEONLY,METHOD_CORRECTED_V2,241,xgb_poisson,1.6958982954365769,1.3022665992171407,0.2406206845661638,0.6803378719702107,69.49052604367193,17.634171622650157,2.7112327569948613,0.8296253658640121,0.6124060752625474
RJ,WEEKLY,CASEONLY,METHOD_CORRECTED_V2,241,xgb_zip,1.978600718931512,1.406627427192969,0.2553577264054478,0.6270509157083048,92.69983040050272,15.608192915968482,4.555200673092664,0.7966097033018843,0.5756129914013836
RJ,WEEKLY,CASEONLY,METHOD_CORRECTED_V2,248,rf,1.7032984409095222,1.3051047624269565,0.2389129586877918,0.6789430086956988,69.13493817584782,17.54649170102594,2.6878219981493503,0.8243665079061776,0.6141086332382094
RJ,WEEKLY,CASEONLY,METHOD_CORRECTED_V2,248,xgb_poisson,1.739245016497475,1.3188043890196437,0.240030359571171,0.6721673907952924,69.45300331235636,17.477394819067356,2.712638199455625,0.8265321371082774,0.6141278853604806
RJ,WEEKLY,CASEONLY,METHOD_CORRECTED_V2,248,xgb_zip,1.9314801345097667,1.3897770089153751,0.2532494228519022,0.6359327374135295,92.2687887895035,15.543156322858586,4.496355260152691,0.8012927938128661,0.5777851090419983
RJ,WEEKLY,CASEONLY,METHOD_CORRECTED_V2,254,rf,1.7072936761434911,1.3066344845225428,0.238248843068425,0.6781899414862402,69.44070609711568,17.441579685618862,2.705730314810902,0.8239075757868268,0.6146958163642434
RJ,WEEKLY,CASEONLY,METHOD_CORRECTED_V2,254,xgb_poisson,1.7147992367941136,1.309503431379282,0.2397246555559069,0.6767752083645131,69.42304575917582,17.40262716206188,2.761489933680432,0.8286821539165479,0.6138497730628003
RJ,WEEKLY,CASEONLY,METHOD_CORRECTED_V2,254,xgb_zip,1.9731929203166672,1.4047038550230675,0.25465144471501,0.628070238870448,92.23886139172782,15.59884295706663,4.469094518669306,0.7963220396168393,0.5777461337218774
RJ,WEEKLY,CASEONLY,METHOD_CORRECTED_V2,75,rf,1.7033511484983608,1.3051249551281905,0.2392819118096623,0.6789330737720911,69.45718870271418,17.573408214761645,2.7122848693365587,0.8243639688146426,0.612895416805659
RJ,WEEKLY,CASEONLY,METHOD_CORRECTED_V2,75,xgb_poisson,1.6962145409696088,1.302388014751982,0.2400936086777774,0.6802782624285648,69.26230659329399,17.58158819016577,2.713427880731176,0.829832196489044,0.6129818682792463
RJ,WEEKLY,CASEONLY,METHOD_CORRECTED_V2,75,xgb_zip,1.9827646184497645,1.4081067496641595,0.2543984482885846,0.6262660567433016,92.55119849438476,15.56764526563043,4.490584893898246,0.7975652524775677,0.5775056576317771
RJ,WEEKLY,FULL,BASELINE_METHOD_CORRECTED_V2,987,rf,1.6256812455857397,1.27502205690166,0.2347490591695392,0.6935731772003007,69.85226926974765,17.114769520287144,2.738777457177667,0.8341577961989585,0.6167601912342913
RJ,WEEKLY,FULL,BASELINE_METHOD_CORRECTED_V2,987,xgb_poisson,1.7678968617901605,1.3296228268912054,0.234949348007126,0.6667667663221826,70.47059069508796,16.620483972622022,2.9960968921562143,0.8328364397362162,0.6149401971305088
RJ,WEEKLY,FULL,BASELINE_METHOD_CORRECTED_V2,987,xgb_zip,1.7668743345666909,1.329238253499609,0.2490855233336495,0.6669595038401707,92.05161073106758,15.63637967935311,4.385919890073514,0.8187903767099142,0.5793573494023211
RJ,WEEKLY,FULL,METHOD_CORRECTED_V2,107,rf,1.647586519507079,1.2835834680717413,0.2347912252406101,0.6894442229489679,70.36822316202793,16.94532057408268,2.7394453041100637,0.8310054760837166,0.6196876883213837
RJ,WEEKLY,FULL,METHOD_CORRECTED_V2,107,xgb_poisson,1.9161000600866516,1.3842326611110762,0.2357610448752411,0.6388317481222372,72.55507679852074,16.089760854319007,3.54676578028219,0.821464534672108,0.6047470277727326
RJ,WEEKLY,FULL,METHOD_CORRECTED_V2,107,xgb_zip,1.806742354764239,1.344151165146331,0.2409685546524988,0.6594447276233563,87.60884749898614,15.438759192382804,4.413620171900998,0.8194691887999483,0.5783143437682063
RJ,WEEKLY,FULL,METHOD_CORRECTED_V2,109,rf,1.653510852492542,1.285889129160264,0.2349177234538229,0.6883275375354699,70.51466261912952,16.968530199206818,2.730592919594842,0.8302882433616424,0.6195665103090309
RJ,WEEKLY,FULL,METHOD_CORRECTED_V2,109,xgb_poisson,1.9391227348913695,1.392523872287786,0.2357399618397057,0.6344921734904226,71.99148462827137,16.010526201059143,3.5246338837235487,0.8239229111597943,0.6068312038570591
RJ,WEEKLY,FULL,METHOD_CORRECTED_V2,109,xgb_zip,1.8071956400282512,1.344319768517986,0.242475991693284,0.6593592872803307,86.49578427376568,15.388802738094396,4.091868882957551,0.8194804879292066,0.5919456900656198
RJ,WEEKLY,FULL,METHOD_CORRECTED_V2,140,rf,1.6524672422335367,1.2854832718606402,0.2350969292558742,0.6885242490229011,70.50867168624822,16.99590627932612,2.752685607341137,0.8306180027533104,0.618232484819934
RJ,WEEKLY,FULL,METHOD_CORRECTED_V2,140,xgb_poisson,1.9646121248537365,1.4016462195767292,0.2362670377280921,0.6296876444337709,72.07955279016241,15.99979450383465,3.5252568844759504,0.8208887457861281,0.6074228627540557
RJ,WEEKLY,FULL,METHOD_CORRECTED_V2,140,xgb_zip,1.8244099385429515,1.350707199411831,0.2480313715568767,0.6561145412300773,86.34084604366066,15.51603983581489,3.811890261324351,0.8204034960353386,0.6011413668831671
RJ,WEEKLY,FULL,METHOD_CORRECTED_V2,149,rf,1.652066664558363,1.285327454214825,0.2346963515807006,0.688599754442319,70.3629048259473,16.948395951706516,2.7656355293555004,0.8305759671701698,0.6187766581486214
RJ,WEEKLY,FULL,METHOD_CORRECTED_V2,149,xgb_poisson,1.8688846020049967,1.3670715423872288,0.2350336801492679,0.6477314526899558,72.618494925051,15.982580441607851,3.539689060664274,0.824267270824434,0.6065395593017169
RJ,WEEKLY,FULL,METHOD_CORRECTED_V2,149,xgb_zip,1.7591368605251785,1.326324568318471,0.2441731760538882,0.6684179506257713,85.86112299110587,15.415417560330248,3.939154178676342,0.824461814391685,0.5980469502086251
RJ,WEEKLY,FULL,METHOD_CORRECTED_V2,220,rf,1.6444135226589924,1.2823468807849896,0.2345066042608815,0.6900423053501475,70.34058109785933,16.97689363480677,2.742359098761015,0.8313736109899101,0.6188916181779062
RJ,WEEKLY,FULL,METHOD_CORRECTED_V2,220,xgb_poisson,1.92677861758536,1.3880845138482598,0.2353288426467643,0.6368189325993305,71.74487863547881,16.048962565423167,3.4980828912546684,0.8228370312567572,0.6062686141631856
RJ,WEEKLY,FULL,METHOD_CORRECTED_V2,220,xgb_zip,1.799489790540042,1.3414506291847057,0.2408209734037506,0.6608117731117666,87.91323991866872,15.470304504228777,4.484844575280243,0.8269012054269115,0.5743261415741536
RJ,WEEKLY,FULL,METHOD_CORRECTED_V2,222,rf,1.6509387221572165,1.284888603014758,0.2350020555959647,0.6888123618075225,70.40103232263839,16.96415399905421,2.737472661486847,0.8307720581841811,0.619873522446496
RJ,WEEKLY,FULL,METHOD_CORRECTED_V2,222,xgb_poisson,1.921244320757303,1.3860895789079806,0.2357610448752411,0.6378620995781321,72.44788724982931,16.033749560513648,3.525892003738234,0.8249232456738327,0.6060671629908612
RJ,WEEKLY,FULL,METHOD_CORRECTED_V2,222,xgb_zip,1.8854874924891687,1.3731305445911428,0.248642779587405,0.6446019517535511,84.48995647408222,15.626781452069435,3.6611293422343145,0.8102338266534718,0.6039924011377086
RJ,WEEKLY,FULL,METHOD_CORRECTED_V2,241,rf,1.6463109958571835,1.283086511446981,0.2351601783624806,0.6896846481002727,70.84383070527376,16.945039049881043,2.7595600184687004,0.8312513432565278,0.6188507024586831
RJ,WEEKLY,FULL,METHOD_CORRECTED_V2,241,xgb_poisson,1.9196841761276788,1.385526678244659,0.2347279761340037,0.6381561733169181,72.25287008821327,15.978488117894486,3.5665095178127566,0.8188202260166609,0.6061238101800117
RJ,WEEKLY,FULL,METHOD_CORRECTED_V2,241,xgb_zip,1.911261503431264,1.382483816697781,0.2434879773989859,0.6397437741094181,87.0187846643259,15.44174618420634,4.257316995921539,0.8091885286344409,0.5845284555140426
RJ,WEEKLY,FULL,METHOD_CORRECTED_V2,248,rf,1.6483771333396582,1.283891402471275,0.2348017667583778,0.6892951990948535,70.34051682132633,16.99624617534673,2.748586294378098,0.8309444987694233,0.6185479252933704
RJ,WEEKLY,FULL,METHOD_CORRECTED_V2,248,xgb_poisson,1.8972834508712564,1.3774191267988318,0.2352445105046224,0.6423785158501625,71.99984215818645,16.028273806718435,3.487342601777038,0.8243303544942738,0.6081570501915573
RJ,WEEKLY,FULL,METHOD_CORRECTED_V2,248,xgb_zip,1.776604155466304,1.3328931523067795,0.2413585908099048,0.6651255169422015,87.11179563055671,15.41340266419809,4.268147456691852,0.8248070907171409,0.5849434762005129
RJ,WEEKLY,FULL,METHOD_CORRECTED_V2,254,rf,1.6516660868831894,1.2851716176772616,0.2347806837228424,0.6886752598617372,70.43178370622762,16.978635163457188,2.751303652224168,0.8305563761707395,0.6189031866987876
RJ,WEEKLY,FULL,METHOD_CORRECTED_V2,254,xgb_poisson,1.9504970325627484,1.3966019592434875,0.235961333712828,0.6323482169758952,72.51686932428618,16.090913921491467,3.5223254639231514,0.8254947513902902,0.6048069707982157
RJ,WEEKLY,FULL,METHOD_CORRECTED_V2,254,xgb_zip,1.811275207404362,1.3458362483617248,0.2433298546324699,0.6585903241930997,86.12038958060056,15.410325362399158,4.087727218499798,0.819171484633789,0.5926878080669926
RJ,WEEKLY,FULL,METHOD_CORRECTED_V2,75,rf,1.646100165501829,1.2830043513183536,0.2347596006873069,0.6897243877947032,70.65548747968796,16.93043347009774,2.7584943671306617,0.8312402680759539,0.6196822604428589
RJ,WEEKLY,FULL,METHOD_CORRECTED_V2,75,xgb_poisson,1.8860567344486256,1.3733378078421294,0.2346858100629328,0.6444946545785886,72.05214951251675,15.999306237295851,3.520491759743388,0.8259688566005906,0.6062299037761242
RJ,WEEKLY,FULL,METHOD_CORRECTED_V2,75,xgb_zip,1.788326323224018,1.33728318737058,0.2416537533074012,0.6629159899318636,87.50367819506776,15.368663664316673,4.280396818567876,0.822625113002588,0.5872546429201739
RN,DAILY,CASEONLY,BASELINE_METHOD_CORRECTED_V2,987,rf,0.2494520547945205,0.4994517542210864,0.0875342465753424,0.1973197012596778,80.96336320506062,9.651538871311711,1.7562429491014933,0.4517215467265683,0.3721139305692156
RN,DAILY,CASEONLY,BASELINE_METHOD_CORRECTED_V2,987,xgb_poisson,0.2643835616438356,0.5141824205900428,0.0794520547945205,0.1492734889792302,84.50521290927196,8.51251358922491,2.031853042139032,0.4126377596557106,0.3515253124007621
RN,DAILY,CASEONLY,BASELINE_METHOD_CORRECTED_V2,987,xgb_zip,0.4212328767123288,0.6490245578653622,0.1305479452054794,-0.3554321354346461,94.94640660692322,12.40244182879753,2.2625800459392584,0.3107843941825554,0.2811437058872067
RN,DAILY,CASEONLY,METHOD_CORRECTED_V2,107,rf,0.2564383561643835,0.5063974290657325,0.0854794520547945,0.1748393634036885,82.25531541029694,9.410454644429192,1.8419024179809624,0.4235697257257644,0.3587680713141533
RN,DAILY,CASEONLY,METHOD_CORRECTED_V2,107,xgb_poisson,0.2742465753424657,0.5236855691562121,0.0778082191780821,0.1175365414178335,85.78837931236455,8.054630103792777,2.332688712725306,0.3785141073568701,0.33686728454483
RN,DAILY,CASEONLY,METHOD_CORRECTED_V2,107,xgb_zip,0.4131506849315068,0.6427679868595719,0.1632876712328767,-0.3294254700718351,85.11319041761845,16.241205172112476,1.473159163185274,0.3676459168102716,0.3504383021244203
RN,DAILY,CASEONLY,METHOD_CORRECTED_V2,109,rf,0.2538356164383561,0.5038210162729977,0.0861643835616438,0.1832143912323903,82.90414689861184,9.529654470468085,1.8405618624450808,0.4331685565673859,0.3549520422267726
RN,DAILY,CASEONLY,METHOD_CORRECTED_V2,109,xgb_poisson,0.2772602739726027,0.5265551006044882,0.0775342465753424,0.1078391407740735,87.51757160428747,7.942887781305756,2.351196713284484,0.3691835067686299,0.3367553596921906
RN,DAILY,CASEONLY,METHOD_CORRECTED_V2,109,xgb_zip,0.3986301369863013,0.6313716314392827,0.1591780821917808,-0.2827016306064456,85.93451648802203,16.005534906288197,1.3902921917179698,0.4087433140609123,0.350655980884083
RN,DAILY,CASEONLY,METHOD_CORRECTED_V2,140,rf,0.2520547945205479,0.5020505896028288,0.0854794520547945,0.1889446734309758,81.9047619047619,9.50124548129888,1.8222242396105617,0.4397866485190975,0.3585987429119757
RN,DAILY,CASEONLY,METHOD_CORRECTED_V2,140,xgb_poisson,0.273972602739726,0.5234239225902136,0.0758904109589041,0.118418123294539,86.10510747964622,7.655086085312584,2.268514279135376,0.4011472398023384,0.3617877854116144
RN,DAILY,CASEONLY,METHOD_CORRECTED_V2,140,xgb_zip,0.3473972602739726,0.5894041569873533,0.1197260273972602,-0.1178458196625245,91.45492883500262,11.391574894039996,2.1729283414141927,0.3276919704835085,0.3112254208237877
RN,DAILY,CASEONLY,METHOD_CORRECTED_V2,149,rf,0.2545205479452054,0.5045002952875305,0.0854794520547945,0.1810104365406267,82.30144087155158,9.3747294867919,1.840103210653539,0.4306371946254606,0.3597930586707724
RN,DAILY,CASEONLY,METHOD_CORRECTED_V2,149,xgb_poisson,0.2806849315068493,0.5297970663441327,0.077945205479452,0.0968193673152552,88.32220465061795,7.944801240757708,2.425571807597757,0.3521352758216468,0.3201278237736113
RN,DAILY,CASEONLY,METHOD_CORRECTED_V2,149,xgb_zip,0.3271232876712329,0.5719469273203878,0.1123287671232876,-0.0526087607863203,91.81192526210975,10.922723850738707,2.246066533440835,0.3416486848320162,0.2907675027458445
RN,DAILY,CASEONLY,METHOD_CORRECTED_V2,220,rf,0.2567123287671233,0.5066678682994643,0.0868493150684931,0.173957781526983,84.14953435248637,9.60210500318675,1.8605320656121949,0.4230148202205188,0.3485114112690023
RN,DAILY,CASEONLY,METHOD_CORRECTED_V2,220,xgb_poisson,0.2761643835616438,0.5255134475554778,0.0753424657534246,0.1113654682808953,87.21519358050725,7.529276126639026,2.3594735858721663,0.3942998681302275,0.3556163322129342
RN,DAILY,CASEONLY,METHOD_CORRECTED_V2,220,xgb_zip,0.3178082191780822,0.5637448174290228,0.1030136986301369,-0.0226349769783347,94.26989984185556,9.738713949018294,2.482378769915593,0.3196584026934396,0.2813096072597751
RN,DAILY,CASEONLY,METHOD_CORRECTED_V2,222,rf,0.2556164383561644,0.5055852434121909,0.0873972602739726,0.1774841090338049,82.78114566859955,9.770750360854723,1.8433533884129945,0.4270572114949726,0.3475647613080662
RN,DAILY,CASEONLY,METHOD_CORRECTED_V2,222,xgb_poisson,0.2801369863013698,0.5292796862731176,0.0787671232876712,0.0985825310686662,87.8082352252094,8.152803619768893,2.53057420651016,0.3439912325809159,0.3025161489426323
RN,DAILY,CASEONLY,METHOD_CORRECTED_V2,222,xgb_zip,0.353972602739726,0.5949559670595178,0.1246575342465753,-0.1390037847034555,91.36941369413697,12.052418008235744,1.9776917363136897,0.3834500254755161,0.3258226270203425
RN,DAILY,CASEONLY,METHOD_CORRECTED_V2,241,rf,0.2532876712328767,0.5032769329433614,0.0853424657534246,0.1849775549858013,82.15588941603701,9.318612544380782,1.8391935390791387,0.4354346570551806,0.3608194733491079
RN,DAILY,CASEONLY,METHOD_CORRECTED_V2,241,xgb_poisson,0.2734246575342465,0.5229002366936226,0.0778082191780821,0.1201812870479499,86.00055643413577,8.060043684749472,2.1919620863592644,0.3863045314974441,0.3490957261199867
RN,DAILY,CASEONLY,METHOD_CORRECTED_V2,241,xgb_zip,0.3047945205479452,0.5520819871612777,0.097945205479452,0.0192401621651746,94.695864815791,9.412784931311997,2.569555217125812,0.3218927924064216,0.2698823457449287
RN,DAILY,CASEONLY,METHOD_CORRECTED_V2,248,rf,0.2545205479452054,0.5045002952875305,0.0854794520547945,0.1810104365406267,82.70426989984185,9.408497697266776,1.816213003131648,0.4306154403888116,0.3622687972930736
RN,DAILY,CASEONLY,METHOD_CORRECTED_V2,248,xgb_poisson,0.2893150684931507,0.5378801618326806,0.0778082191780821,0.0690495381990332,89.9985356996427,7.81040245843095,2.690723790384113,0.3037836678051482,0.2886538728798474
RN,DAILY,CASEONLY,METHOD_CORRECTED_V2,248,xgb_zip,0.3564383561643836,0.5970245858960781,0.1315068493150684,-0.1469380215938047,89.55309553095532,13.080088099736606,1.9545348128179636,0.3631615509749326,0.3120619846753333
RN,DAILY,CASEONLY,METHOD_CORRECTED_V2,254,rf,0.250958904109589,0.5009579863717006,0.0857534246575342,0.1924710009377978,83.45765243366719,9.48084974310018,1.8267830503435143,0.4434413423542485,0.357672716757951
RN,DAILY,CASEONLY,METHOD_CORRECTED_V2,254,xgb_poisson,0.277945205479452,0.5272050886319782,0.0771232876712328,0.1056351860823098,89.11248755344697,7.752042584804886,2.489121309163879,0.367328490229497,0.3247250280539122
RN,DAILY,CASEONLY,METHOD_CORRECTED_V2,254,xgb_zip,0.3345205479452054,0.5783775133467807,0.1216438356164383,-0.0764114714573678,89.53977039770398,12.073819178457416,1.9886328501764228,0.3911382341474519,0.3214714224633291
RN,DAILY,CASEONLY,METHOD_CORRECTED_V2,75,rf,0.2542465753424657,0.5042286934938013,0.0863013698630137,0.1818920184173322,83.63190417618462,9.506712724241936,1.847011497446242,0.432234170638384,0.3534729542659583
RN,DAILY,CASEONLY,METHOD_CORRECTED_V2,75,xgb_poisson,0.2782191780821917,0.5274648595709402,0.0801369863013698,0.1047536042056044,88.98948632343466,8.405673169391632,2.5555551415203115,0.3457721708422191,0.2835309968267935
RN,DAILY,CASEONLY,METHOD_CORRECTED_V2,75,xgb_zip,0.3484931506849315,0.5903330845251107,0.1213698630136986,-0.1213721471693463,90.698471270427,11.649466925878246,2.040217442782044,0.3462420076770744,0.3239037666553236
RN,DAILY,FULL,BASELINE_METHOD_CORRECTED_V2,987,rf,0.253972602739726,0.5039569453234334,0.093972602739726,0.1827736002940376,77.31227669419552,10.9683913803038,1.5442118659727058,0.4352758037942851,0.3673901647847885
RN,DAILY,FULL,BASELINE_METHOD_CORRECTED_V2,987,xgb_poisson,0.3168493150684932,0.5628936978404476,0.077945205479452,-0.0195494404098655,100.0,7.42465753370283,3.5985372382803176,,
RN,DAILY,FULL,BASELINE_METHOD_CORRECTED_V2,987,xgb_zip,0.3198630136986301,0.5655643320601381,0.1146575342465753,-0.0292468410536257,81.47367187957593,12.251069432845837,1.76067702727686,0.2941517475744282,0.3319536396785847
RN,DAILY,FULL,METHOD_CORRECTED_V2,107,rf,0.2550684931506849,0.5050430606895663,0.0953424657534246,0.1792472727872158,76.79830726878697,11.197767331578454,1.5526603272744353,0.4342311442812769,0.361345186208263
RN,DAILY,FULL,METHOD_CORRECTED_V2,107,xgb_poisson,0.2982191780821918,0.546094477249305,0.0771232876712328,0.0403981272061056,97.55798629414866,7.512381149489316,3.0831548746671515,0.3098253825558644,0.1955012963248726
RN,DAILY,FULL,METHOD_CORRECTED_V2,107,xgb_zip,0.3820547945205479,0.6181058117511499,0.1571232876712328,-0.2293659270657653,85.05037193229074,15.873092659686666,1.3656449440394862,0.3982488306181583,0.3466455518745435
RN,DAILY,FULL,METHOD_CORRECTED_V2,109,rf,0.256986301369863,0.5069381632604345,0.0945205479452054,0.1730761996502776,75.0587184443273,11.1604113846271,1.518431998956469,0.4228685062079246,0.3709418591766263
RN,DAILY,FULL,METHOD_CORRECTED_V2,109,xgb_poisson,0.293013698630137,0.5413073975387155,0.0765753424657534,0.0571481828635095,96.92965501083584,7.456455948362563,2.9517732665769736,0.3657747900678708,0.2254120657677512
RN,DAILY,FULL,METHOD_CORRECTED_V2,109,xgb_zip,0.3980821917808219,0.6309375498263057,0.1723287671232876,-0.2809384668530348,81.76667838106953,18.1632702140646,1.2333515587835688,0.3953060723972785,0.3531116871839207
RN,DAILY,FULL,METHOD_CORRECTED_V2,140,rf,0.2656164383561644,0.5153798971207204,0.0971232876712328,0.1453063705340556,76.72538511099397,11.444842143213853,1.5372474293251377,0.3973473902991031,0.3584221550921668
RN,DAILY,FULL,METHOD_CORRECTED_V2,140,xgb_poisson,0.2936986301369863,0.5419396923431484,0.0775342465753424,0.0549442281717458,96.96040531833891,7.650976496288378,2.9473826224863875,0.3347444048042644,0.2028987335155408
RN,DAILY,FULL,METHOD_CORRECTED_V2,140,xgb_zip,0.3384931506849315,0.5818016420438598,0.1324657534246575,-0.089194408669597,88.17577461488901,12.828239491762952,1.4775261363298242,0.4353537505629627,0.3576515010540645
RN,DAILY,FULL,METHOD_CORRECTED_V2,149,rf,0.2564383561643835,0.5063974290657325,0.0956164383561643,0.1748393634036885,77.45724242956716,11.309269832104132,1.4999022335915977,0.427086835244588,0.367575468810642
RN,DAILY,FULL,METHOD_CORRECTED_V2,149,xgb_poisson,0.2926027397260274,0.5409276658907616,0.0772602739726027,0.0584705556785677,96.48685058279156,7.611707089898881,2.916388306143948,0.3424673202047707,0.2164841594832954
RN,DAILY,FULL,METHOD_CORRECTED_V2,149,xgb_zip,0.4738356164383561,0.6883571866686337,0.2072602739726027,-0.5246958557620947,83.36379078076494,22.05323504348721,1.2180368286367744,0.3845803099864289,0.3357777092932744
RN,DAILY,FULL,METHOD_CORRECTED_V2,220,rf,0.2630136986301369,0.5128486118048259,0.0978082191780821,0.1536813983627575,76.9842734141627,11.617101574158871,1.5731308254350345,0.4081598306583217,0.3522647182636692
RN,DAILY,FULL,METHOD_CORRECTED_V2,220,xgb_poisson,0.290958904109589,0.5394060660667332,0.0764383561643835,0.0637600469388004,96.1793475077608,7.470154578495952,2.8842980993906595,0.3676255876689231,0.2421320187279111
RN,DAILY,FULL,METHOD_CORRECTED_V2,220,xgb_zip,0.470958904109589,0.686264456393881,0.2095890410958904,-0.5154392460566875,83.0653663679494,22.61783984502437,1.181637661528257,0.3792313102946355,0.3376476082040034
RN,DAILY,FULL,METHOD_CORRECTED_V2,222,rf,0.2598630136986301,0.5097676075415445,0.0954794520547945,0.1638195899448702,77.65404439758684,11.16967426786954,1.5554960824001771,0.4148715405596755,0.3625705652852046
RN,DAILY,FULL,METHOD_CORRECTED_V2,222,xgb_poisson,0.2946575342465753,0.5428236677288264,0.0765753424657534,0.0518586916032767,96.22239793826508,7.43414675071368,2.9838634733302616,0.3374321439808876,0.2279521380421835
RN,DAILY,FULL,METHOD_CORRECTED_V2,222,xgb_zip,0.4076712328767123,0.6384913725937981,0.1761643835616438,-0.3117938325377258,81.27467346102031,18.06666205913629,1.4564283795214916,0.3458496025848893,0.3132503856668741
RN,DAILY,FULL,METHOD_CORRECTED_V2,241,rf,0.2634246575342466,0.513249118395976,0.0952054794520547,0.1523590255476993,78.3331869032976,11.06873864248985,1.5869354998349063,0.4030884760406233,0.3578617108482684
RN,DAILY,FULL,METHOD_CORRECTED_V2,241,xgb_poisson,0.3032876712328767,0.550715599227838,0.0775342465753424,0.0240888624870546,97.99669068119252,7.533157405197749,3.214262510154617,0.2525888493907844,0.1655420722994445
RN,DAILY,FULL,METHOD_CORRECTED_V2,241,xgb_zip,0.4616438356164383,0.6794437692822257,0.207945205479452,-0.4854654622487018,79.88680958238153,22.475830864695013,1.216855870238695,0.3506345707468187,0.3327335280889469
RN,DAILY,FULL,METHOD_CORRECTED_V2,248,rf,0.2601369863013699,0.5100362597907818,0.0952054794520547,0.1629380080681648,76.78439641539273,11.220863261513566,1.5267160674536029,0.4133420945041774,0.3685267487813889
RN,DAILY,FULL,METHOD_CORRECTED_V2,248,xgb_poisson,0.2905479452054794,0.5390249949728486,0.0763013698630137,0.0650824197538586,96.36077432202892,7.433929312138189,2.8834761815825227,0.3825810938896427,0.2423618130553598
RN,DAILY,FULL,METHOD_CORRECTED_V2,248,xgb_zip,0.413013698630137,0.6426614183457234,0.1713698630136986,-0.3289846791334825,84.44459087448017,17.277233115801355,1.2938369351341823,0.3881545183772599,0.3591451713108018
RN,DAILY,FULL,METHOD_CORRECTED_V2,254,rf,0.2561643835616438,0.5061268453279709,0.0950684931506849,0.1757209452803939,77.18927546418321,11.094810166986749,1.517074930874316,0.4293973582444936,0.3741597131192054
RN,DAILY,FULL,METHOD_CORRECTED_V2,254,xgb_poisson,0.2976712328767123,0.5455925520722513,0.0768493150684931,0.0421612909595167,97.4032097463832,7.429580540671542,3.0820589842563018,0.3340003671243929,0.1987404147505316
RN,DAILY,FULL,METHOD_CORRECTED_V2,254,xgb_zip,0.556027397260274,0.7456724463598436,0.2645205479452054,-0.789170418773733,73.31400456861711,29.48052718857302,1.071871959746866,0.3371732869530337,0.3298035229918084
RN,DAILY,FULL,METHOD_CORRECTED_V2,75,rf,0.2560273972602739,0.5059914991976386,0.0957534246575342,0.1761617362187467,77.55827915422012,11.277980421371376,1.5353247437200754,0.4300154552978673,0.3606611298813006
RN,DAILY,FULL,METHOD_CORRECTED_V2,75,xgb_poisson,0.2967123287671233,0.544713070126946,0.0767123287671232,0.0452468275279858,97.2033327476132,7.4324072421263585,3.051338640516575,0.3349369685371105,0.2106047925349559
RN,DAILY,FULL,METHOD_CORRECTED_V2,75,xgb_zip,0.4102739726027397,0.6405263246758401,0.1721917808219178,-0.3201688603664279,86.99496280677093,17.869191385753197,1.2921328116793067,0.4111641491727374,0.3423212012962827
RN,WEEKLY,CASEONLY,BASELINE_METHOD_CORRECTED_V2,987,rf,2.197058823529412,1.4822478954376734,0.4284313725490196,0.5474966935557148,71.55797477758261,30.068122829354422,4.591561852357992,0.7420544106903513,0.5657434819609904
RN,WEEKLY,CASEONLY,BASELINE_METHOD_CORRECTED_V2,987,xgb_poisson,3.72843137254902,1.9309146466245004,0.5068627450980392,0.2320972447980291,89.03867595730343,30.18732878279886,8.786333716495443,0.5338666597706538,0.474001968417141
RN,WEEKLY,CASEONLY,BASELINE_METHOD_CORRECTED_V2,987,xgb_zip,3.583333333333333,1.8929694486000912,0.5068627450980392,0.2619814435279508,90.28058999823706,28.977294405657776,7.515044265927189,0.5790214233244786,0.5171238231402778
RN,WEEKLY,CASEONLY,METHOD_CORRECTED_V2,107,rf,2.052941176470588,1.432808841566309,0.4058823529411764,0.5771789720239477,66.72254165587498,29.09906447620202,4.51916420746089,0.7623694749738892,0.5739161362692178
RN,WEEKLY,CASEONLY,METHOD_CORRECTED_V2,107,xgb_poisson,3.5176470588235293,1.8755391381742823,0.4764705882352941,0.275510101061091,80.75226128265344,28.954784110199597,8.941297624966118,0.5476548123448315,0.4859826227108133
RN,WEEKLY,CASEONLY,METHOD_CORRECTED_V2,107,xgb_zip,2.376470588235294,1.5415805487340888,0.4411764705882353,0.5105452856666902,83.86517347938917,27.305226175347208,6.794529295589425,0.7167206728994976,0.5260018450591138
RN,WEEKLY,CASEONLY,METHOD_CORRECTED_V2,109,rf,2.049019607843137,1.4314396975923007,0.4078431372549019,0.5779866530707023,69.17979273812607,29.4521693732695,4.5770707022552495,0.7627144814968048,0.5698021657790577
RN,WEEKLY,CASEONLY,METHOD_CORRECTED_V2,109,xgb_poisson,3.247058823529412,1.801959717510192,0.4627450980392157,0.3312400932871608,79.12539466706133,28.5418872672812,7.126987753361011,0.638025676794423,0.5154721491899141
RN,WEEKLY,CASEONLY,METHOD_CORRECTED_V2,109,xgb_zip,2.6107843137254902,1.615792162911273,0.45,0.4622863431231007,82.43715859304095,27.76478995742152,7.083483421163267,0.6870097473317676,0.5139373055879908
RN,WEEKLY,CASEONLY,METHOD_CORRECTED_V2,140,rf,1.9980392156862743,1.413520150435173,0.403921568627451,0.5884865066785127,68.10111308444641,29.512747567276737,4.555201079681932,0.7696212024592688,0.568328142282203
RN,WEEKLY,CASEONLY,METHOD_CORRECTED_V2,140,xgb_poisson,3.287254901960784,1.81307884604084,0.4598039215686274,0.3229613625579258,81.57977498173575,27.99188895006149,8.231971131335749,0.622879226721737,0.5112033006809641
RN,WEEKLY,CASEONLY,METHOD_CORRECTED_V2,140,xgb_zip,2.342156862745098,1.5304106843410032,0.4225490196078431,0.5176124948257933,87.71407746211668,25.34177195390302,7.587668444382317,0.7222549829037386,0.5496466546991094
RN,WEEKLY,CASEONLY,METHOD_CORRECTED_V2,149,rf,2.073529411764706,1.439975489987488,0.4088235294117647,0.5729386465284858,67.98325594158928,29.25271035077901,4.539887793372576,0.7588916831575974,0.5730963530850578
RN,WEEKLY,CASEONLY,METHOD_CORRECTED_V2,149,xgb_poisson,3.4323529411764704,1.8526610432500787,0.4754901960784313,0.2930771638280043,80.18072307140935,29.17480419539247,7.404720862868383,0.605895754642837,0.5055997883345132
RN,WEEKLY,CASEONLY,METHOD_CORRECTED_V2,149,xgb_zip,2.877450980392157,1.696305096494188,0.4852941176470588,0.4073640319437853,84.98107052714897,28.370009432778165,6.375020377660186,0.6705214103400688,0.5354061783290551
RN,WEEKLY,CASEONLY,METHOD_CORRECTED_V2,220,rf,2.0715686274509806,1.4392944894812112,0.4029411764705882,0.5733424870518632,66.0532936199603,28.757956910208254,4.477347363832992,0.7595618029982076,0.5803230569815159
RN,WEEKLY,CASEONLY,METHOD_CORRECTED_V2,220,xgb_poisson,3.3058823529411763,1.818208555953133,0.4725490196078431,0.3191248775858413,82.6431387784329,29.48175373058724,8.159628546141118,0.6135069368635964,0.4887508978234187
RN,WEEKLY,CASEONLY,METHOD_CORRECTED_V2,220,xgb_zip,2.537254901960784,1.592876298386282,0.4254901960784313,0.4774303627497501,83.41168588129374,24.88998287566692,7.118125865478352,0.6983550669948153,0.5642351199579219
RN,WEEKLY,CASEONLY,METHOD_CORRECTED_V2,222,rf,2.0617647058823527,1.435884642261471,0.4049019607843137,0.5753616896687498,67.29373161333946,29.25224444432152,4.525384974533838,0.7608130730490894,0.5736300455426157
RN,WEEKLY,CASEONLY,METHOD_CORRECTED_V2,222,xgb_poisson,3.4235294117647057,1.8502781984784629,0.4764705882352941,0.2948944461832022,81.77955414229923,29.249731453772217,8.579120203222498,0.5718130201939817,0.4899430303688541
RN,WEEKLY,CASEONLY,METHOD_CORRECTED_V2,222,xgb_zip,2.5058823529411764,1.5829979004853976,0.4372549019607843,0.4838918111237872,88.44038242077458,24.94806939833909,7.46309597964111,0.7089136622184141,0.5580621591728204
RN,WEEKLY,CASEONLY,METHOD_CORRECTED_V2,241,rf,2.0480392156862743,1.4310972069311974,0.4029411764705882,0.578188573332391,67.87055752889086,28.580991254990263,4.528946575658492,0.762552399041371,0.5802079063673935
RN,WEEKLY,CASEONLY,METHOD_CORRECTED_V2,241,xgb_poisson,3.492156862745098,1.8687313511430952,0.4823529411764706,0.2807600278649961,78.7274506176467,29.48902510670472,8.253811971634061,0.6237020060629423,0.4922239410749137
RN,WEEKLY,CASEONLY,METHOD_CORRECTED_V2,241,xgb_zip,2.4519607843137257,1.5658738085534625,0.4343137254901961,0.4949974255166635,87.50129688757139,25.709278657609204,8.070431927128364,0.7088272769802877,0.5244892634154357
RN,WEEKLY,CASEONLY,METHOD_CORRECTED_V2,248,rf,2.127450980392157,1.458578410779536,0.4117647058823529,0.5618330321356096,68.42223301389969,29.469425692566904,4.592182649272264,0.7520031015315767,0.5686388964122173
RN,WEEKLY,CASEONLY,METHOD_CORRECTED_V2,248,xgb_poisson,3.420588235294117,1.8494832346615413,0.4794117647058823,0.2955002069682682,81.5473922410197,30.07204802132833,7.180177655696889,0.6031634976660913,0.4938601987251702
RN,WEEKLY,CASEONLY,METHOD_CORRECTED_V2,248,xgb_zip,2.466666666666667,1.570562531918633,0.4509803921568627,0.4919686215913336,84.00633872300538,27.781868627520552,6.644033779970095,0.7048328994219979,0.5219787246177185
RN,WEEKLY,CASEONLY,METHOD_CORRECTED_V2,254,rf,2.0254901960784317,1.4231971739988916,0.4019607843137255,0.5828327393512303,67.36815992649326,28.47820540469884,4.570660547311766,0.767610221699138,0.5775735026473006
RN,WEEKLY,CASEONLY,METHOD_CORRECTED_V2,254,xgb_poisson,3.426470588235294,1.8510728208893603,0.4754901960784313,0.2942886853981362,80.14582209729268,28.184935234585613,7.109963557894063,0.631706697012669,0.5265990084045324
RN,WEEKLY,CASEONLY,METHOD_CORRECTED_V2,254,xgb_zip,2.3264705882352943,1.525277216847906,0.4127450980392156,0.5208432190128118,89.379196148804,24.41728335773252,7.255384959644634,0.7277205324041216,0.5600593065198232
RN,WEEKLY,CASEONLY,METHOD_CORRECTED_V2,75,rf,2.019607843137255,1.4211290733558493,0.4058823529411764,0.5840442609213621,68.38120956748408,29.227304903269157,4.51392100002455,0.7661032990287435,0.5747460725923568
RN,WEEKLY,CASEONLY,METHOD_CORRECTED_V2,75,xgb_poisson,3.257843137254902,1.8049496218052463,0.4696078431372549,0.3290189704085856,78.4745379711066,29.79986376963999,7.569034766161788,0.647256747094844,0.4858003473454031
RN,WEEKLY,CASEONLY,METHOD_CORRECTED_V2,75,xgb_zip,2.480392156862745,1.5749260798090636,0.4431372549019607,0.4891417379276923,84.49391244195166,26.969309826445027,7.722542107374658,0.7025313973375062,0.51772841674446
RN,WEEKLY,FULL,BASELINE_METHOD_CORRECTED_V2,987,rf,2.094117647058824,1.4471066467468192,0.4431372549019607,0.5686983210330241,70.63673771762006,32.7880305409728,4.070870834144015,0.760551012682428,0.5508411175433781
RN,WEEKLY,FULL,BASELINE_METHOD_CORRECTED_V2,987,xgb_poisson,3.7637254901960784,1.9400323425644423,0.4872549019607843,0.2248281153772374,86.71549732039928,28.85778166874647,12.095973875793844,0.5666893286987417,0.4136480074324645
RN,WEEKLY,FULL,BASELINE_METHOD_CORRECTED_V2,987,xgb_zip,2.697058823529412,1.6422724571548448,0.4833333333333333,0.4445173600944987,97.87329101544788,28.439023174587074,6.489691044707268,0.6690769907475629,0.5533799451601732
RN,WEEKLY,FULL,METHOD_CORRECTED_V2,107,rf,2.226470588235294,1.492136249889833,0.4362745098039216,0.5414390857050551,69.33690993102758,31.12833006626556,4.60956553878747,0.755608137636005,0.5581108444232896
RN,WEEKLY,FULL,METHOD_CORRECTED_V2,107,xgb_poisson,3.5715686274509806,1.8898594200233467,0.4794117647058823,0.2644044866682147,75.00733153919428,29.017814468315688,5.6756930610638845,0.6727514436439397,0.5676453254094136
RN,WEEKLY,FULL,METHOD_CORRECTED_V2,107,xgb_zip,2.9519607843137257,1.718127115295526,0.5754901960784313,0.3920180920554472,83.67558699470464,34.98005989297026,3.898325713952421,0.6890022332034285,0.5519801241451249
RN,WEEKLY,FULL,METHOD_CORRECTED_V2,109,rf,2.194117647058824,1.4812554293769944,0.4333333333333333,0.5481024543407809,66.93924278336041,31.54722631000496,4.025304076733172,0.7577076411910774,0.566487538546616
RN,WEEKLY,FULL,METHOD_CORRECTED_V2,109,xgb_poisson,3.3911764705882352,1.8415147217951409,0.4676470588235294,0.3015578148189279,75.44846759993818,27.860304048005517,5.800960494707083,0.7084788419707819,0.5735555334688491
RN,WEEKLY,FULL,METHOD_CORRECTED_V2,109,xgb_zip,2.485294117647059,1.5764815627361644,0.5107843137254902,0.488132136619249,83.53372542490189,30.62633652210945,3.931166324201292,0.7005080285451943,0.5644793773502024
RN,WEEKLY,FULL,METHOD_CORRECTED_V2,140,rf,2.2901960784313724,1.5133393797927062,0.4411764705882353,0.5283142686952922,69.28578886618104,31.398516611613086,4.619548082983762,0.7470339514832749,0.5511450991882272
RN,WEEKLY,FULL,METHOD_CORRECTED_V2,140,xgb_poisson,3.3372549019607844,1.8268155084629605,0.4627450980392157,0.3126634292118042,73.78169798610975,27.41437959961164,5.583082577060544,0.7158935900052636,0.5877612222912862
RN,WEEKLY,FULL,METHOD_CORRECTED_V2,140,xgb_zip,2.5098039215686274,1.5842360687626789,0.4803921568627451,0.4830841300770325,86.12062802847117,28.53639470538083,5.526020115520238,0.7112943951287256,0.546782761690251
RN,WEEKLY,FULL,METHOD_CORRECTED_V2,149,rf,2.211764705882353,1.487200291111575,0.4431372549019607,0.544467889630385,69.5554503775092,31.521458506342785,4.605153415786643,0.7521557944566302,0.5533089867309008
RN,WEEKLY,FULL,METHOD_CORRECTED_V2,149,xgb_poisson,3.4519607843137257,1.857945312519646,0.4696078431372549,0.2890387585942311,73.75248145101087,27.293680550027105,5.583545339203344,0.7173752140391682,0.5942622062997773
RN,WEEKLY,FULL,METHOD_CORRECTED_V2,149,xgb_zip,2.526470588235294,1.589487523774658,0.4696078431372549,0.4796514856283254,85.74077180988945,27.50211627998846,4.970509139047772,0.6929560237562946,0.5870180006947116
RN,WEEKLY,FULL,METHOD_CORRECTED_V2,220,rf,2.2558823529411764,1.501959504427858,0.4401960784313725,0.5353814778543953,68.87824390569489,32.34655043890163,4.489649826135189,0.7541177418177328,0.5510438864712294
RN,WEEKLY,FULL,METHOD_CORRECTED_V2,220,xgb_poisson,3.461764705882353,1.8605818191851584,0.4735294117647058,0.2870195559773445,75.28281843428903,28.0915515586602,5.747004332010625,0.7099169519237841,0.5746021297769779
RN,WEEKLY,FULL,METHOD_CORRECTED_V2,220,xgb_zip,2.357843137254902,1.5355269900769906,0.4715686274509804,0.5143817706387748,82.30353986971633,29.998398290773093,4.806814284857645,0.7175607460083822,0.5521109385238605
RN,WEEKLY,FULL,METHOD_CORRECTED_V2,222,rf,2.1823529411764704,1.4772788975601292,0.4392156862745098,0.5505254974810447,67.40068847274729,32.094355588657706,4.111833907134836,0.758454785395592,0.5533243253255645
RN,WEEKLY,FULL,METHOD_CORRECTED_V2,222,xgb_poisson,3.395098039215686,1.8425791812607908,0.4696078431372549,0.3007501337721733,76.29710414857473,28.028975708520647,5.734515988106534,0.6954307809136212,0.5753873610380721
RN,WEEKLY,FULL,METHOD_CORRECTED_V2,222,xgb_zip,2.407843137254902,1.5517226354135916,0.4588235294117647,0.504083837292653,86.85712582624348,26.684997973420565,4.95659412868182,0.7123905638020009,0.5901933625250301
RN,WEEKLY,FULL,METHOD_CORRECTED_V2,241,rf,2.208823529411765,1.4862111321786569,0.4343137254901961,0.545073650415451,68.81228459267675,31.23239827741384,4.564085441470025,0.7562863969432488,0.556178043258532
RN,WEEKLY,FULL,METHOD_CORRECTED_V2,241,xgb_poisson,3.5480392156862743,1.8836239581419307,0.4754901960784313,0.2692505729487425,75.74835159393982,28.17681872588549,5.382406201345743,0.6854702487476609,0.5818273352678855
RN,WEEKLY,FULL,METHOD_CORRECTED_V2,241,xgb_zip,2.48921568627451,1.5777248449189452,0.5088235294117647,0.4873244555724944,85.29140126395028,31.396578641495797,4.134877982683065,0.711898248458483,0.5627392094211158
RN,WEEKLY,FULL,METHOD_CORRECTED_V2,248,rf,2.2019607843137257,1.4839005304648036,0.4352941176470588,0.5464870922472715,66.40130575669791,31.229453845170564,4.034224883120133,0.7579029083255411,0.5681129069878124
RN,WEEKLY,FULL,METHOD_CORRECTED_V2,248,xgb_poisson,3.4911764705882358,1.868469017829366,0.4735294117647058,0.2809619481266847,75.76465264945658,27.58289636447435,5.721034173587413,0.6729874738152624,0.5841258759974527
RN,WEEKLY,FULL,METHOD_CORRECTED_V2,248,xgb_zip,2.488235294117647,1.5774141162414033,0.5117647058823529,0.487526375834183,78.61572450788137,32.06396637997918,4.020672051146832,0.7108997975164382,0.5613788332826678
RN,WEEKLY,FULL,METHOD_CORRECTED_V2,254,rf,2.1901960784313728,1.4799311059746574,0.4411764705882353,0.5489101353875354,68.94791069496952,32.22848482531085,4.079506722494194,0.7576790105077915,0.5561424857472247
RN,WEEKLY,FULL,METHOD_CORRECTED_V2,254,xgb_poisson,3.488235294117647,1.8676817968052395,0.4705882352941176,0.2815677089117507,75.1765814613854,27.586511404042565,5.8558301469608045,0.6856791545275206,0.5779368430973187
RN,WEEKLY,FULL,METHOD_CORRECTED_V2,254,xgb_zip,2.384313725490196,1.5441223155858463,0.488235294117647,0.508929923573181,83.5851922405844,29.151866368809465,4.273950169941688,0.7180259727910547,0.5907734439249037
RN,WEEKLY,FULL,METHOD_CORRECTED_V2,75,rf,2.217647058823529,1.489176637885355,0.4313725490196078,0.543256368060253,65.3186559627736,31.11505920676025,3.9882300337034255,0.7594810037123403,0.5707687414355223
RN,WEEKLY,FULL,METHOD_CORRECTED_V2,75,xgb_poisson,3.4872549019607844,1.867419316051107,0.4715686274509804,0.2817696291734394,74.56465264945656,27.680468726726176,5.674402546008638,0.6872176420240206,0.5817010740313138
RN,WEEKLY,FULL,METHOD_CORRECTED_V2,75,xgb_zip,2.2931372549019606,1.5143108184589982,0.4578431372549019,0.5277085079102262,87.83813512195866,26.35138506289894,4.291464104430191,0.7269486347447018,0.6090705883545389
