stage,local,resolution,features,model,n_seeds,MSE_mean,RMSE_mean,MAE_mean,R2_mean,MAPE (ign. zeros)_mean,SMAPE_mean,Poisson_Deviance_mean,Pearson_mean,Spearman_mean,MSE_std,RMSE_std,MAE_std,R2_std,MAPE (ign. zeros)_std,SMAPE_std,Poisson_Deviance_std,Pearson_std,Spearman_std
BASELINE_CORRECTED,RJ,DAILY,CASEONLY,rf,1,0.1408811609985122,0.3753413925994737,0.0492712714003577,0.3353235302733587,81.09456057516374,6.120428939109119,1.1308123132616732,0.5813404656504073,0.3672199259004127,0.0,0.0,0.0,0.0,0.0,0.0,0.0,0.0,0.0
BASELINE_CORRECTED,RJ,DAILY,CASEONLY,xgb_poisson,1,0.1434925479351296,0.3788041023208826,0.0484843925749206,0.3230030224224937,81.0706645386284,6.012864526849574,1.1454279361919348,0.5708551992146161,0.3701824721249123,0.0,0.0,0.0,0.0,0.0,0.0,0.0,0.0,0.0
BASELINE_CORRECTED,RJ,DAILY,CASEONLY,xgb_zip,1,0.1563369417518621,0.3953946658110882,0.0470145172576019,0.2624032496964966,97.07129040960108,5.125689568460788,1.5893530426877114,0.5380714668909894,0.305056241246352,0.0,0.0,0.0,0.0,0.0,0.0,0.0,0.0,0.0
BASELINE_CORRECTED,RJ,DAILY,FULL,rf,1,0.1554129507441125,0.394224492826248,0.0497430948028125,0.3500294988251687,80.62458563665635,5.976616505983947,1.1075204874222722,0.5932734213112618,0.3749421146891125,0.0,0.0,0.0,0.0,0.0,0.0,0.0,0.0,0.0
BASELINE_CORRECTED,RJ,DAILY,FULL,xgb_poisson,1,0.1589332170222507,0.3986642911300819,0.0483881944251108,0.3353069855074876,81.80337772865349,5.773687156451661,1.152920858505354,0.5881933831365073,0.3738232187065191,0.0,0.0,0.0,0.0,0.0,0.0,0.0,0.0,0.0
BASELINE_CORRECTED,RJ,DAILY,FULL,xgb_zip,1,0.1712866294842407,0.4138678889262137,0.0477555982441975,0.2836423484827428,97.4269064348561,5.04991768976808,1.6360215282065231,0.5447357916259394,0.2970393986356706,0.0,0.0,0.0,0.0,0.0,0.0,0.0,0.0,0.0
BASELINE_CORRECTED,RJ,WEEKLY,CASEONLY,rf,1,2.2846869898972075,1.511518107697426,0.291458949133101,0.5978710054219423,69.31302967085608,21.124901396462416,3.010034692363817,0.7752455927734972,0.6154526905125363,0.0,0.0,0.0,0.0,0.0,0.0,0.0,0.0,0.0
BASELINE_CORRECTED,RJ,WEEKLY,CASEONLY,xgb_poisson,1,2.395519918824723,1.5477467230864108,0.2896611814532139,0.5783632415694556,70.35016123849128,20.53099815549609,3.20743139106314,0.7628266906765682,0.6149647536171269,0.0,0.0,0.0,0.0,0.0,0.0,0.0,0.0,0.0
BASELINE_CORRECTED,RJ,WEEKLY,CASEONLY,xgb_zip,1,2.425850355141836,1.5575141588896828,0.3059844708166056,0.5730247650449918,93.87936272272049,18.584623150447708,4.907135821484923,0.7591648507494453,0.5881487468270967,0.0,0.0,0.0,0.0,0.0,0.0,0.0,0.0,0.0
BASELINE_CORRECTED,RJ,WEEKLY,FULL,rf,1,2.3356906108920508,1.5282966370741156,0.2911737813589348,0.6462113198272821,67.96851953170219,20.43409677775335,2.803724609655253,0.8070127108547803,0.6224086468064568,0.0,0.0,0.0,0.0,0.0,0.0,0.0,0.0,0.0
BASELINE_CORRECTED,RJ,WEEKLY,FULL,xgb_poisson,1,2.773044173952797,1.665245980014003,0.2871306931824676,0.5799650716630178,69.54932789511197,19.062633449585263,3.49745949419496,0.7843795751850987,0.6164887872102786,0.0,0.0,0.0,0.0,0.0,0.0,0.0,0.0,0.0
BASELINE_CORRECTED,RJ,WEEKLY,FULL,xgb_zip,1,2.593991085204869,1.6105871864648833,0.2955454597405566,0.6070863674603171,93.43633184252516,17.958640308036987,5.677626180318629,0.7817359136612069,0.5606140565012175,0.0,0.0,0.0,0.0,0.0,0.0,0.0,0.0,0.0
BASELINE_CORRECTED,RN,DAILY,CASEONLY,rf,1,2.582541411561432,1.6070287525621414,0.2338955038876159,0.3476811772917806,85.77292118680771,13.890501191518666,1.982670204873954,0.6001638013670223,0.5065430786150465,0.0,0.0,0.0,0.0,0.0,0.0,0.0,0.0,0.0
BASELINE_CORRECTED,RN,DAILY,CASEONLY,xgb_poisson,1,3.6899297599819705,1.920918988396432,0.2341208729294219,0.0679682323265602,82.30036295853286,12.980988523717372,5.918977363071849,0.3026005652905564,0.4115947640746317,0.0,0.0,0.0,0.0,0.0,0.0,0.0,0.0,0.0
BASELINE_CORRECTED,RN,DAILY,CASEONLY,xgb_zip,1,3.4787589678097883,1.8651431494150224,0.3108214701573827,0.1213074283307142,105.9681557841136,16.12751952677626,2.0314998555921133,0.4373328847467418,0.4924470116577433,0.0,0.0,0.0,0.0,0.0,0.0,0.0,0.0,0.0
BASELINE_CORRECTED,RN,DAILY,FULL,rf,1,0.2710682492581602,0.520642150865794,0.0986646884272997,0.1849672612982393,77.41940920512349,11.355478300180346,1.6032778563376937,0.4371110051185021,0.3698376310911951,0.0,0.0,0.0,0.0,0.0,0.0,0.0,0.0,0.0
BASELINE_CORRECTED,RN,DAILY,FULL,xgb_poisson,1,0.3393175074183976,0.5825096629399358,0.0820474777448071,-0.020240762677026,100.0,7.685459940094559,3.79115100272993,,,0.0,0.0,0.0,0.0,0.0,0.0,0.0,0.0,0.0
BASELINE_CORRECTED,RN,DAILY,FULL,xgb_zip,1,0.335459940652819,0.5791890370620105,0.1182492581602373,-0.0086420482784241,82.873996445425,12.584785096243504,1.830712775942489,0.3044662674221551,0.3344050028272726,0.0,0.0,0.0,0.0,0.0,0.0,0.0,0.0,0.0
BASELINE_CORRECTED,RN,WEEKLY,CASEONLY,rf,1,96.56223628691984,9.826608585209843,1.1708860759493671,0.219635550066861,88.87329022730876,30.20498264860144,5.242016346301049,0.5969305921378951,0.6248453354369914,0.0,0.0,0.0,0.0,0.0,0.0,0.0,0.0,0.0
BASELINE_CORRECTED,RN,WEEKLY,CASEONLY,xgb_poisson,1,119.14926160337552,10.915551365065143,1.2927215189873418,0.0370992681364328,74.57956915110647,31.597402110902458,37.12462407624096,0.3322799683825077,0.4984943851104718,0.0,0.0,0.0,0.0,0.0,0.0,0.0,0.0,0.0
BASELINE_CORRECTED,RN,WEEKLY,CASEONLY,xgb_zip,1,109.57489451476792,10.467802754865414,1.3755274261603376,0.1144741922668021,82.26396411788724,40.506911064218286,7.124907688401194,0.481240210521857,0.5527958948875586,0.0,0.0,0.0,0.0,0.0,0.0,0.0,0.0,0.0
BASELINE_CORRECTED,RN,WEEKLY,FULL,rf,1,3.627083333333333,1.9044903080176947,0.5854166666666667,0.2469696041291961,69.79908341977308,48.80782445185104,3.123089378511131,0.5189231513476823,0.4588643173183762,0.0,0.0,0.0,0.0,0.0,0.0,0.0,0.0,0.0
BASELINE_CORRECTED,RN,WEEKLY,FULL,xgb_poisson,1,5.0625,2.25,0.4958333333333333,-0.0510418506410415,100.0,24.16666666524135,23.776139779272643,,,0.0,0.0,0.0,0.0,0.0,0.0,0.0,0.0,0.0
BASELINE_CORRECTED,RN,WEEKLY,FULL,xgb_zip,1,3.0166666666666666,1.7368553960150703,0.5,0.3737001647208937,86.85343870688698,29.494758786861635,2.976205383868337,0.6126850811158757,0.5724547613253349,0.0,0.0,0.0,0.0,0.0,0.0,0.0,0.0,0.0
OPTIMIZED_CORRECTED,RJ,DAILY,CASEONLY,rf,10,0.14056175267407453,0.3749154626905838,0.049205240445810386,0.33683049682576216,81.06821506050824,6.1177813225218305,1.132170075583795,0.5826312172217751,0.3674303296229696,0.00030447684855878344,0.00040621502247025577,7.438556573520014e-05,0.0014365199390689069,0.05418406941532302,0.013102634357564496,0.001249230895017648,0.0012145858887053376,0.00044295365989844735
OPTIMIZED_CORRECTED,RJ,DAILY,CASEONLY,xgb_poisson,10,0.14317910985974686,0.37839007289799376,0.04862063365835364,0.3244818213757868,80.74449072045986,6.038972146875583,1.1350198628688795,0.5732307821523019,0.37142731727206596,0.00019956653321229025,0.00026371701548435936,3.0517519161699117e-05,0.0009415537026453371,0.06906950914900681,0.005698964934086658,0.0015944271171001547,0.0008444031635878609,0.0004733309780075385
OPTIMIZED_CORRECTED,RJ,DAILY,CASEONLY,xgb_zip,10,0.15321533733101206,0.39142615689966004,0.04640710411875536,0.27713096056733183,95.5761527644343,5.116282494447074,1.572414341909127,0.5329066084827987,0.310754249342864,0.0007828635615217765,0.0010005697126096657,0.0004434430322718111,0.003693545571756124,0.49200154330610407,0.02011881083698047,0.03956624678753559,0.003626392676129575,0.010217747398263321
OPTIMIZED_CORRECTED,RJ,DAILY,FULL,rf,10,0.1572918696697198,0.39660011431931486,0.049946948535439274,0.34217145437072277,80.49801641390721,5.999328590038247,1.1034050176908348,0.5866177800986445,0.3757140319737859,0.0003914485854520102,0.0004932788553151641,6.883030856670878e-05,0.0016371224666427535,0.12631179558802128,0.014184427150355155,0.0031842420143512584,0.0014047297763921391,0.0009958677462109863
OPTIMIZED_CORRECTED,RJ,DAILY,FULL,xgb_poisson,10,0.15327217721354525,0.3914988321733943,0.04892845321726967,0.3589826757509167,80.69599123802708,5.891574558389842,1.1089421810352715,0.6017817703622091,0.3793759931836732,0.0007569412126146946,0.0009670231605318188,7.63592601065913e-05,0.0031656915139145034,0.13424180369552646,0.012269958025480107,0.0038725401861112595,0.002079146736701545,0.0007976253191847119
OPTIMIZED_CORRECTED,RJ,DAILY,FULL,xgb_zip,10,0.166261743243285,0.40775081758976556,0.047246118581623406,0.3046575072114258,94.97140255721024,5.040430321593671,1.5476467597590733,0.5557387706916884,0.31716521010918675,0.0008658209417690488,0.0010614445936065692,0.00047175772612731415,0.003621050039619186,0.4624654415528724,0.02848825796803798,0.038664595642768286,0.003025275017570398,0.008147559177123037
OPTIMIZED_CORRECTED,RJ,WEEKLY,CASEONLY,rf,10,2.2502812458640316,1.5000910529032576,0.2907652093351568,0.6039267790648751,70.43237563722286,20.93936599404976,3.0987086574898157,0.7792505158830804,0.6132523490878095,0.008994849097605109,0.0029960833001519993,0.00039611404771035453,0.0015831882616726013,0.09226763446113323,0.029435824235572252,0.005584436363896083,0.0008841838848668939,0.0004980735561236673
OPTIMIZED_CORRECTED,RJ,WEEKLY,CASEONLY,xgb_poisson,10,2.2894483169365154,1.5130576555452258,0.28378810605726384,0.597032961670811,70.5584204811139,19.981623528597243,3.505966336965544,0.7844749204571547,0.6119260887868216,0.03271404786506068,0.010793410155208781,0.0006722968718336357,0.005758017284086315,0.19237064808959897,0.05975583291004842,0.01684006622079575,0.0036776963917500498,0.0011141676785941168
OPTIMIZED_CORRECTED,RJ,WEEKLY,CASEONLY,xgb_zip,10,2.3119148983103193,1.5204885001888582,0.2934078175320951,0.5930786065143263,89.80712190676786,18.573271167847047,5.231081174477064,0.7743002720564883,0.5789355177129586,0.01743182735871297,0.0057367338516361634,0.00149248067081671,0.0030681853752460627,0.5808828020972501,0.03273820238042512,0.1966383273072486,0.0027322287489146006,0.005591010853926951
OPTIMIZED_CORRECTED,RJ,WEEKLY,FULL,rf,10,2.3214940853763073,1.5236305523488847,0.28796359791988113,0.6483616774139553,67.96517286862817,20.208239441437406,2.8403734478464244,0.8096058246247685,0.6238876830219262,0.021301761826864243,0.00699407092866919,0.0008256590267455939,0.003226592668967241,0.2466477406599768,0.12046177983821979,0.02094405559644802,0.0015761031567550544,0.0017402051669037856
OPTIMIZED_CORRECTED,RJ,WEEKLY,FULL,xgb_poisson,10,2.7494128235899193,1.6580587140290173,0.2842262414995142,0.5835445287266349,68.8352412409091,18.93948131132785,3.332575802430881,0.79190328006359,0.6245009162789993,0.0553598986798576,0.016803585013023342,0.0009423588822345267,0.008385402329019085,0.290388840866609,0.07226601418785483,0.03187991190020774,0.0046563086321761045,0.0012936236259713319
OPTIMIZED_CORRECTED,RJ,WEEKLY,FULL,xgb_zip,10,2.647154123092748,1.626932622135453,0.294622549859992,0.599033725162311,88.76283820991014,17.667098715983396,4.948111983346537,0.7919103391306488,0.5916962970347783,0.05370060981602511,0.016477800696280805,0.0017224234887902254,0.008134068691583075,0.7498583158952165,0.06406958150637866,0.19664823528533046,0.004656365307916724,0.005789479974205248
OPTIMIZED_CORRECTED,RN,DAILY,CASEONLY,rf,10,2.548435563234797,1.5963746840312525,0.2282387409382864,0.356295903362889,82.5628474563683,13.776379795470495,1.970549124365387,0.6193535874742109,0.5086697408632005,0.01627752943088683,0.005102441563210924,0.0010974132791841703,0.00411150767512168,0.5205179933787887,0.05009826345329909,0.01186245664077715,0.00410437054471336,0.0016588478373941154
OPTIMIZED_CORRECTED,RN,DAILY,CASEONLY,xgb_poisson,10,3.517334635465575,1.8753710638881451,0.2308755587274161,0.11156367978993402,77.38213100277896,13.329106576692547,2.981259974652967,0.3936604670567757,0.4902408064901209,0.07057266404732329,0.01879740515847851,0.0012367062393915914,0.017825804039633596,0.4286932940296189,0.053058959329442885,0.38773595519829196,0.02132384048801085,0.004915684452886815
OPTIMIZED_CORRECTED,RN,DAILY,CASEONLY,xgb_zip,10,2.9821395034368776,1.7259109465351201,0.25963640461255305,0.24674751726150795,95.54966897164994,13.916164641569727,2.741436570568905,0.5015081081620942,0.4767418224281258,0.21424597166486384,0.06120010954169018,0.007909490787776098,0.05411594926638724,7.259683985773441,0.67552798478675,0.39933060207896687,0.05294197628303572,0.010414946104452219
OPTIMIZED_CORRECTED,RN,DAILY,FULL,rf,10,0.27534124629080114,0.5247268661125227,0.09988130563798216,0.1721194545797879,76.72681865539008,11.545524663101087,1.5849228733729481,0.424329554030911,0.3701277011089196,0.0018997793906919231,0.0018142248212237788,0.0012566102839293508,0.005712149630073925,0.846710264900771,0.21546918841569454,0.021694261624483367,0.005816648575368876,0.004311399010461013
OPTIMIZED_CORRECTED,RN,DAILY,FULL,xgb_poisson,10,0.3158160237388724,0.561963887744801,0.08091988130563793,0.05042217427445657,96.82643868358153,7.766227663942726,3.143320307015781,0.33792819965903037,0.21673425480666575,0.004217525604065761,0.0037435291758235265,0.00047539524592276006,0.01268101835251386,0.6057712908989195,0.08442040952056538,0.11493135225002121,0.03633954973499345,0.023637720604925718
OPTIMIZED_CORRECTED,RN,DAILY,FULL,xgb_zip,10,0.44160237388724033,0.6626406497115779,0.18771513353115724,-0.3277851359999564,83.29928908500338,19.47463032074176,1.4030809498753267,0.3850782835318733,0.3436948803040597,0.07263335567106918,0.05280723053457088,0.048650251571802486,0.2183898813516555,4.58933429431079,6.5369390445176165,0.19471559655394716,0.027372201886137117,0.020438137969008237
OPTIMIZED_CORRECTED,RN,WEEKLY,CASEONLY,rf,10,88.15385021097046,9.388859213779051,1.0761075949367087,0.28758763803929466,85.7603047731271,29.609767471580437,4.4341704473925585,0.6589878766710802,0.6305967711426854,1.1126152062714338,0.05937521748924695,0.011069110249815953,0.008991562196730819,1.8706430570509054,0.42758274331613916,0.15494728212361158,0.007624333923412029,0.004280110061260687
OPTIMIZED_CORRECTED,RN,WEEKLY,CASEONLY,xgb_poisson,10,122.69077004219409,11.076578748410224,1.283597046413502,0.00847868734768213,70.83513439249649,29.277434695565553,31.04792199187766,0.18565777705377962,0.5560419115086981,0.30731465355457915,0.013875336276265592,0.004447995363517288,0.002483552989234173,0.7821066252403277,0.21237737798910047,1.1349354927904791,0.016074508345709615,0.005669626219058506
OPTIMIZED_CORRECTED,RN,WEEKLY,CASEONLY,xgb_zip,10,113.80084388185654,10.663907499386971,1.2986286919831223,0.0803223252419483,89.84174764936265,29.11186618164651,7.978408818624108,0.38696176325459614,0.6227323086606351,6.3821002760583765,0.30170023086736847,0.07502843886011205,0.051576727744229604,5.023999512693843,2.2450236572580846,1.260180075383018,0.13032021860143952,0.013451844385823544
OPTIMIZED_CORRECTED,RN,WEEKLY,FULL,rf,10,3.5772916666666665,1.891258085246197,0.5602083333333334,0.2573070116313858,62.52333346729898,46.39861014415005,2.887270796464249,0.5520071256620935,0.4803166556587589,0.08272608611601341,0.02197275225653009,0.010274492718245699,0.017175027881020224,2.6377060268823795,1.6570011161355434,0.21018301146373242,0.02178898438848523,0.015019238083684836
OPTIMIZED_CORRECTED,RN,WEEKLY,FULL,xgb_poisson,10,4.829791666666667,2.1974299748488217,0.4897916666666666,-0.002728527712397789,88.14027591182764,25.2458002629403,17.370920224887836,0.22509401573796786,0.29943012681839604,0.15389130187638886,0.034851626816384845,0.00711254868281632,0.03194986641416666,4.091141766626861,0.6073021373041941,3.910424415550192,0.1448235318993024,0.11488881405532679
OPTIMIZED_CORRECTED,RN,WEEKLY,FULL,xgb_zip,10,3.5416666666666665,1.8795378127735476,0.6770833333333333,0.2647032320618227,79.34059092248746,44.69198293022847,2.8895103165054428,0.515308368753295,0.5004450866257641,0.3710491465234795,0.10002375840600239,0.0644375594981225,0.0770347025463342,4.363683830012645,5.311497522690844,0.248277094072504,0.07167933248432408,0.024784833581262825
