ID_UNIDADE,LAT,LNG,Y_MEAN,N_OBS,coef_Intercept,t_Intercept,coef_TEM_AVG,t_TEM_AVG,coef_RAIN,t_RAIN
2269295,-22.8534,-43.32589,0.47619047619047616,21,-0.38228298163654584,-8.158119395096827,0.03748729024111098,0.706019822587653,-0.034581330421098073,-0.4987757491910915
2269309,-22.83755,-43.33209,0.047619047619047616,21,-0.3820121871148479,-8.14972734427923,0.037728818416224136,0.7071201819028952,-0.05275282173117235,-0.7897126423977916
2269384,-22.92704,-43.2521,0.19047619047619047,21,-0.3788482770967668,-8.08740108062722,0.07437930481439198,1.4193961051404331,-0.06447280196417773,-1.0252738431506694
2269503,-22.88482,-43.28891,0.14285714285714285,21,-0.3801494491344332,-8.122423965971361,0.06326162527052613,1.215770308709313,-0.03618356496373968,-0.6009971371278098
2269511,-22.92348,-43.51843,0.0,21,-0.4010867854424913,-8.50563328987988,0.10054387626723667,1.7945444587732646,-0.16925024663579782,-3.2663838221776107
2269538,-22.90818,-43.59559,0.3333333333333333,21,-0.39649782659277005,-8.397780851337393,0.09476185209564822,1.7414651164538362,-0.14644875993296047,-2.6668234366527748
2269546,-22.87525,-43.55823,0.047619047619047616,21,-0.3955757856934597,-8.428954388655624,0.09244529962635477,1.7326222807837546,-0.15704117281402905,-2.830032754891581
2269554,-22.89785,-43.56925,0.09523809523809523,21,-0.39671227594828473,-8.422647328311983,0.09471985251914772,1.7496388750014538,-0.15278317442431374,-2.791213255763211
2269627,-22.8236,-43.362,0.09523809523809523,21,-0.38489949996423284,-8.175670615809823,0.01827998710322807,0.3263521331284293,-0.11606852634076816,-1.5304072247540326
2269732,-22.84962,-43.35009,0.7619047619047619,21,-0.3852806611767196,-8.198230409655627,0.0011231487672795735,0.01964709830354379,-0.0488619760727756,-0.647667162129107
2269759,-22.82963,-43.4154,0.0,21,-0.3942602507322486,-8.232300060506585,0.06047528175172697,1.2798053433318,-0.40421811497312954,-4.661643109250426
2269805,-22.89831,-43.28207,0.8095238095238095,21,-0.38014061473616884,-8.119473115433955,0.06591332316415577,1.2640753724427523,-0.04530115790005598,-0.7325106334433922
2269848,-22.88759,-43.48282,0.14285714285714285,21,-0.4004174252334935,-8.497011978641336,0.09739764471544723,1.7829313067068726,-0.2685562280649172,-4.753580198540471
2269880,-22.86646,-43.25233,0.0,21,-0.3767920128376261,-8.062526968940109,0.07609948127512857,1.476836467074757,-0.0480956300273936,-0.7953232612785003
2269902,-22.81634,-43.29057,0.2857142857142857,21,-0.3773010825344989,-8.072136521681943,0.071900088926804,1.4062121344005305,0.011017843895294348,0.1827822416762708
2269937,-22.87977,-43.33736,0.47619047619047616,21,-0.38563443213803456,-8.213688592561029,0.02435582820922012,0.4538309428793035,0.027614210260597186,0.4074290336675894
2269945,-22.86436,-43.37122,0.0,21,-0.3906141838177505,-8.266338836600152,-0.01867751537415865,-0.3175713292022739,-0.09738428156316621,-1.3719002268815468
2270013,-22.9846,-43.46114,0.19047619047619047,21,-0.4093194656172881,-8.64963650886142,0.09231257211901053,1.668985990768457,-0.11959527995156373,-1.9707426903768497
2270161,-22.84238,-43.48433,0.0,21,-0.3953372744426265,-8.436092089404509,0.08927007448068451,1.720095032764654,-0.3548405100517815,-4.968239281818342
2270196,-22.85001,-43.48578,0.0,21,-0.396112623647338,-8.44725484292178,0.09101936717604948,1.7405836368276757,-0.3314299141615387,-4.979445160058384
2270234,-22.82895,-43.27662,0.047619047619047616,21,-0.3769037185286457,-8.066062879817833,0.07374649727832999,1.441409708557759,-0.003687939579335735,-0.06261892476611976
2270331,-22.91856,-43.55863,0.0,21,-0.39847858361793137,-8.436280798966036,0.09745887596514376,1.7719393348151644,-0.15446523386308164,-2.887960975504514
2270366,-22.87484,-43.5331,0.0,21,-0.3964005845862792,-8.44962468704124,0.09342850173417801,1.751632782339612,-0.17238302020599497,-3.150913431944864
2270390,-22.86631,-43.33444,0.0,21,-0.3842291206812339,-8.190323845896616,0.025036028942229033,0.46503678598168224,0.0014098406201593708,0.02007632464944492
2270420,-22.87413,-43.47596,0.47619047619047616,21,-0.39941391127297293,-8.466272115067794,0.09459913308919915,1.767418509801658,-0.33458056776057266,-5.229366737694743
2270439,-22.85335,-43.48704,0.42857142857142855,21,-0.39641805039501155,-8.451982094598286,0.09132324633832019,1.745121244335522,-0.3149984931092485,-4.930155583582009
2270455,-22.87285,-43.44901,1.4285714285714286,21,-0.40152830871401757,-8.401736896624756,0.08983325736507594,1.661950377376722,-0.45617597819307526,-5.090197512801882
2270463,-22.85694,-43.46443,0.6666666666666666,21,-0.3980585355227073,-8.427587831261755,0.09009686209270477,1.7271640507974313,-0.47105655660391144,-5.229667331326714
2270471,-22.87511,-43.27102,4.571428571428571,21,-0.3783099614233987,-8.090132486939687,0.07043249501026869,1.3602550669470617,-0.048601963785862755,-0.7998871782276533
2270552,-22.87976,-43.497,0.23809523809523808,21,-0.39860669654702224,-8.47982734601524,0.09543592681577559,1.7789516279664026,-0.22791120799768746,-4.178137083836422
2270560,-22.89142,-43.40083,5.0,21,-0.40322997534187094,-8.36177406163988,0.03737862377631261,0.7391672551823637,-0.19773783776636783,-2.775882095912998
2270579,-22.86707,-43.4789,1.0476190476190477,21,-0.39839319810921486,-8.461751874269464,0.09368594329233806,1.7649405961112274,-0.3341448972542424,-5.194474576757743
2270633,-22.90405,-43.55427,0.0,21,-0.3976816162340824,-8.438185038950177,0.09616765873954632,1.7655574314634368,-0.15760587755277278,-2.9204555550551032
2270641,-22.85424,-43.54117,0.0,21,-0.3946133257755617,-8.439140192846665,0.0904779659752283,1.71465549962821,-0.16668561409652605,-3.013729246871976
2271451,-22.84528,-43.26403,0.0,21,-0.37673880442001695,-8.062942290611787,0.07500817630719274,1.4654833308576765,-0.024941384936137838,-0.41608360743347145
2273179,-22.84823,-43.37721,0.42857142857142855,21,-0.3900892747043852,-8.243727258891962,-0.015965568300498334,-0.26983850224367617,-0.14849310744618271,-1.9769291855021691
2273225,-22.86913,-43.29745,0.8571428571428571,21,-0.3801959847718672,-8.125336698412587,0.05942372143783449,1.1425892889256286,-0.030361413959789016,-0.5075155363193052
2273349,-22.91807,-43.34187,0.09523809523809523,21,-0.389512746420424,-8.269992431952655,0.03556034256200153,0.6671189319688869,0.05004676238915505,0.786734169984039
2273411,-22.86391,-43.37268,1.8095238095238095,21,-0.3909047564609415,-8.268387528610523,-0.01883117813863879,-0.319547608782975,-0.10542009521677428,-1.4691862458490246
2274663,-22.7796,-43.35097,0.0,21,-0.3803105604362558,-8.1105644866006,0.07287954027317574,1.530743083373628,-0.049935266607088344,-0.7910381165970728
2274868,-22.77412,-43.39183,0.0,21,-0.38378768502940885,-8.18429017998416,0.0688388302270535,1.5711409167990804,-0.13228258811436513,-1.686839231624998
2274876,-22.7795,-43.36917,0.0,21,-0.382068952594712,-8.144479192691982,0.06928026729531105,1.5261845512971268,-0.0981305642243771,-1.5029842105432607
2277549,-22.77974,-43.30138,0.0,21,-0.37648500980436944,-8.052431881009666,0.08074947357862412,1.6138628416740575,0.023619077200168294,0.380610810523562
2277603,-22.78211,-43.31099,1.1428571428571428,21,-0.37719458126475375,-8.06331597058746,0.07875961786328084,1.5741736016067023,0.020202585805328816,0.3211443469544671
2277751,-22.75254,-43.29092,0.6190476190476191,21,-0.3748842164966063,-8.021961500171063,0.08906541031076132,1.8304622546329306,0.019469433387391925,0.2998657661420415
2277964,-22.78958,-43.28922,0.0,21,-0.37615572028493344,-8.049424513852557,0.08019183869210944,1.5723029333174094,0.030002748986502247,0.49420237933203576
2278634,-22.80259,-43.37235,0.0,21,-0.3844125896435634,-8.160088464694066,0.051280547607342256,1.0688206538594187,-0.14876176996675666,-2.140808419795949
2280248,-22.90947,-43.28628,0.0,21,-0.3810310688121646,-8.133020908530627,0.0647310841071488,1.2398029710403404,-0.040337505035498156,-0.6616192382738538
2280272,-22.91792,-43.26605,1.0952380952380953,21,-0.37958532802821465,-8.104035365647869,0.07102698632721811,1.3572592542098785,-0.056776508530961375,-0.9156909344647335
2280736,-22.89285,-43.26337,0.14285714285714285,21,-0.37842723736250455,-8.088644018543308,0.07199002762445432,1.3855961608169505,-0.057028345471746095,-0.9242476561314928
2280744,-22.91217,-43.27401,0.23809523809523808,21,-0.3800225289778468,-8.11378887051733,0.06876856794594319,1.3162912207540456,-0.05190472437185096,-0.8403840565718863
2281678,-22.75911,-43.45098,0.0,21,-0.3862886917718045,-8.226876939527388,0.06874485437122341,1.352427841973647,-0.08672605484662631,-0.9050206212392018
2282097,-22.76024,-43.43999,0.0,21,-0.38597253517110547,-8.226119576455211,0.06824770687902598,1.3827319505544684,-0.0877359258223981,-0.9110267925526371
2283565,-22.81064,-43.28825,0.0,21,-0.3769168318867265,-8.064995538434486,0.07413901540540144,1.4494966205938251,0.01958742590002093,0.3260702706739118
2283832,-22.77242,-43.43144,0.0,21,-0.38677749755750906,-8.228922855402535,0.06801047567115738,1.4281668522476012,-0.1213932336576319,-1.299446182919944
2284073,-22.81097,-43.38657,0.0,21,-0.38724738953174537,-8.19145659837406,0.04989582971719836,1.0824745318244076,-0.20161621130377635,-2.6391338501471377
2284081,-22.80884,-43.38727,0.0,21,-0.3870497984483397,-8.191246369706208,0.05247358462639287,1.151163846812297,-0.2020029011338265,-2.650188584077847
2284170,-22.76048,-43.45091,0.09523809523809523,21,-0.3864106763662471,-8.227393173021467,0.06882318066751274,1.3538585124558244,-0.08953626618733086,-0.9367767311522235
2284189,-22.76825,-43.44653,0.47619047619047616,21,-0.387026540271788,-8.230457258998129,0.06900344713854879,1.369824583294464,-0.1085876537914163,-1.1585417766871957
2284510,-22.76825,-43.44653,0.3333333333333333,21,-0.38702437435802567,-8.230454988160595,0.06899916569624791,1.3700318494818595,-0.10851550842476118,-1.1575361475431059
2286025,-22.78859,-43.40909,0.0,21,-0.3869246989973701,-8.217814260603783,0.06553057761810328,1.45041998038288,-0.18532899781087045,-2.175188653763726
2286033,-22.80233,-43.43712,0.047619047619047616,21,-0.3908749802318859,-8.238829267545617,0.07070525978148341,1.432874314470596,-0.26856519375470783,-3.4223812243809584
2286041,-22.77105,-43.41992,0.8095238095238095,21,-0.38586602323820196,-8.219774364963449,0.06782043029970855,1.4707239688966873,-0.12276713979854563,-1.3312048967567272
2286068,-22.7949,-43.42527,0.0,21,-0.38912706824618587,-8.235797415965926,0.06696345307141878,1.4286522123979921,-0.22032238768863036,-2.655204377966346
2286106,-22.77845,-43.40261,0.0,21,-0.38520363902426663,-8.203364102738107,0.06709994897097506,1.5037509500970385,-0.15294742091984653,-1.7547990082491374
2289474,-22.77079,-43.39525,0.0,21,-0.38380889221686143,-8.188151886776152,0.06905674190633741,1.572395686174342,-0.12541090162583657,-1.578703225947369
2289571,-22.74772,-43.40424,0.14285714285714285,21,-0.38266408384528733,-8.188462882352088,0.07077019985885503,1.5707918486478107,-0.08187399539492972,-1.0009628670464936
2290642,-22.82364,-43.42186,0.0,21,-0.39362376214526557,-8.235512525284935,0.06505261350540814,1.3705191644724204,-0.391765235433699,-4.758594686066117
2291266,-22.83029,-43.32787,1.3333333333333333,21,-0.3811026962352369,-8.134390282870644,0.04569523906146381,0.863682720785165,-0.04586633758686043,-0.7080707866127182
2293900,-22.80778,-43.41962,0.0,21,-0.3906161204419892,-8.236492073610675,0.06500489785942304,1.398089339749973,-0.29518105967759883,-3.8259740317984514
2295032,-22.85207,-43.25199,0.09523809523809523,21,-0.376288132475175,-8.053970110730882,0.07716998668573427,1.5061075415003427,-0.03341819983283867,-0.5585749199083189
2295407,-22.90405,-43.55427,0.0,21,-0.39767912012201745,-8.438153077617503,0.09616207060425079,1.765514898395195,-0.15760541030025874,-2.9204295394494055
2295423,-22.92296,-43.3016,0.23809523809523808,21,-0.3834001616966296,-8.171351764503697,0.05898000466596393,1.1185987710717573,-0.01893974443861651,-0.31025635996064616
2296306,-22.90223,-43.27725,2.6666666666666665,21,-0.3798846134907248,-8.113822860887314,0.06767011024991747,1.2980028113393012,-0.04988288029216641,-0.8053273407379129
2296527,-22.84212,-43.27212,1.619047619047619,21,-0.377121283726507,-8.070149674755156,0.07314838496428301,1.428464100065053,-0.021778140029722743,-0.36648799043901703
2296535,-22.80883,-43.3216,0.23809523809523808,21,-0.379302580805024,-8.101715322633657,0.0627075747009936,1.2085617344222912,-0.0050731472676978475,-0.08096284982816276
2296543,-22.92084,-43.3604,0.19047619047619047,21,-0.39422363966516394,-8.332774618803045,0.029614276077593066,0.5630181153796382,0.03391279684793614,0.511306743824898
2296586,-22.80459,-43.35741,0.14285714285714285,21,-0.3827299888278795,-8.139256534745408,0.0496397088162478,0.9728078607099333,-0.09478565117281243,-1.39791606865882
2296608,-22.91865,-43.37393,0.23809523809523808,21,-0.3980496813114745,-8.37360323791575,0.02614054291230964,0.5066487270878126,-0.007932700362291309,-0.11742236972893139
2296691,-22.77079,-43.39525,0.0,21,-0.3838059911464768,-8.188082879564453,0.06905750174153061,1.5728407772509756,-0.1254492493387697,-1.5793584853898694
2296705,-22.71925,-43.32821,0.14285714285714285,21,-0.3761285333822609,-8.06590402840205,0.09082301670461591,2.0431993626119778,-0.014218187692918811,-0.19009214633957053
2298120,-22.86603,-43.44165,0.7142857142857143,21,-0.4011061509340222,-8.354595575997111,0.08430478666541201,1.5983992941930907,-0.45517052183926154,-5.083965227271694
2298570,-22.79122,-43.43658,0.0,21,-0.38929730687514247,-8.237587885089773,0.06913047010876452,1.4167463799339481,-0.20305445928205576,-2.4583369065162923
2298708,-22.78273,-43.37165,0.5238095238095238,21,-0.3825668024430792,-8.150336483043473,0.06730810613154985,1.4860503397554825,-0.11129289010516062,-1.673490607845701
2696525,-22.80094,-43.43315,0.0,21,-0.39048790481045864,-8.239066739562272,0.06885974374317502,1.429111298614925,-0.25972606655856006,-3.2780780265738465
2696533,-22.77582,-43.43768,0.0,21,-0.3874774528085751,-8.232575634809418,0.06851751726844012,1.4002537711630991,-0.1331160888326171,-1.460264199002121
2696711,-22.77965,-43.43184,0.0,21,-0.38761144680668613,-8.232545149123116,0.06800410626987358,1.429613435803733,-0.1479157288865772,-1.6480018600418262
2708167,-22.90129,-43.28111,2.2857142857142856,21,-0.3801851798357936,-8.119601047174012,0.06634437567104082,1.2725657206399388,-0.04641855906495629,-0.7507611140337693
2708175,-22.89658,-43.3553,0.0,21,-0.3904395786346174,-8.282008082251547,0.009765802309327842,0.17659567213079125,0.024734541364002695,0.3793239068952628
2708205,-22.88603,-43.32822,0.09523809523809523,21,-0.3847077139749247,-8.199581257483779,0.03639563501134021,0.6873058178624954,0.028799421851759904,0.44685359526732443
2708213,-23.02158,-43.48252,1.2857142857142858,21,-0.4083741739779749,-8.623722014441517,0.09726361673191052,1.719910158882596,-0.11322053779586036,-1.9970473601723095
2778696,-22.9395,-43.25164,2.0476190476190474,21,-0.3792520169702909,-8.091074312356298,0.07461019111154493,1.4200623838163013,-0.06347481115430482,-1.0089659714517805
2798662,-22.73094,-43.46156,0.3333333333333333,21,-0.38429961182484945,-8.21497285781441,0.06765102530977635,1.3034221455857358,-0.03574283291018963,-0.3536989113892225
2798700,-22.75487,-43.48967,0.0,21,-0.3869752944509313,-8.302622257309295,0.07165079678152202,1.3533475671889745,-0.05366474142905725,-0.554504672486672
2812584,-22.88246,-43.45365,0.0,21,-0.4024250422529841,-8.456632203338827,0.09438066840004733,1.6891648501350884,-0.44599897428834334,-5.059360356820449
2976706,-22.90405,-43.55427,0.0,21,-0.39768438237909665,-8.43822818184629,0.09617335810542463,1.7656050032942225,-0.15761246399745632,-2.9206268185080293
3005984,-22.91911,-43.26623,0.0,21,-0.3796437040459448,-8.104794280011053,0.07099782095592902,1.3563525823282994,-0.05729842367071377,-0.9204355872704076
3006050,-22.9001,-43.29603,0.0,21,-0.3815710706382441,-8.14492261575196,0.060547299217546015,1.1613423429325809,-0.02798856728120755,-0.46001065654224915
3013146,-22.90461,-43.57338,0.0,21,-0.3969930714545976,-8.41878020307831,0.09522975623861424,1.752416663029559,-0.15180692466964613,-2.788553427497858
3014673,-22.7859,-43.30807,0.047619047619047616,21,-0.3771658549705878,-8.064055778195726,0.0777302682139803,1.5419807362326199,0.023863651620105675,0.38064313597443206
3019527,-22.76048,-43.45091,0.09523809523809523,21,-0.3864131260407029,-8.227387875023444,0.06882762594828166,1.353364166592202,-0.08950594755962203,-0.9364052884146478
3019624,-22.82569,-43.30325,0.0,21,-0.3786218897739611,-8.095302098481026,0.06432049505474355,1.2494131021185941,-0.015971644943574184,-0.25833463180866917
3024032,-22.81118,-43.41842,0.5238095238095238,21,-0.3910739866601685,-8.236459072295357,0.0643516014393554,1.3846495931212535,-0.3145020700950566,-4.062729208171639
3046281,-22.89757,-43.56129,0.09523809523809523,21,-0.39697680151767867,-8.430486706732527,0.0950558029185933,1.7550724331190035,-0.15560895395917151,-2.856298316160032
3051692,-22.75865,-43.4477,0.0,21,-0.3861393249224057,-8.226732139270196,0.06851968410382199,1.3539721733648191,-0.08395853333911493,-0.8695467217719103
3058212,-22.8448,-43.32487,0.0,21,-0.38164649171004505,-8.146474287256623,0.041996330356508405,0.7951790048604924,-0.05397233626312354,-0.7827910140561695
3130339,-22.80318,-43.37222,0.0,21,-0.3844615323194014,-8.16007930156421,0.05108877559843704,1.0664874240770867,-0.14744940634932163,-2.1305297619326953
3134172,-23.01943,-43.48834,0.23809523809523808,21,-0.4080051897578247,-8.611415440488804,0.09845423908184357,1.7293479673994456,-0.1188605067218743,-2.1716535244910706
3146685,-22.90921,-43.55015,0.0,21,-0.3982192793663922,-8.444096581730022,0.09721412188364004,1.7731927588917584,-0.1587719403264159,-2.9654257596872156
3176355,-22.88213,-43.37158,0.047619047619047616,21,-0.3927307117711169,-8.302228365994395,-0.005838006617655929,-0.1031571834200646,-0.06191591144661646,-0.902308879303356
3339823,-22.93707,-43.34251,0.0,21,-0.39127565508665635,-8.292514660251694,0.04492275362629622,0.8556077630578419,0.04445618364115866,0.691686624329687
3373665,-22.77079,-43.39525,0.047619047619047616,21,-0.38381046241461003,-8.188146340562975,0.06905180574059577,1.5724443062603837,-0.12550115404644413,-1.579713934221439
3416321,-22.86444,-43.42661,0.6666666666666666,21,-0.4019931975202035,-8.238376951397552,0.0723544236717511,1.3746482081264342,-0.4224224765261815,-4.864947165975717
3416356,-22.877,-43.41128,1.1428571428571428,21,-0.4035092866917487,-8.29752057272205,0.05052789719642355,0.9893061943891773,-0.3177751243900758,-4.013574479112926
3416372,-22.85456,-43.46303,0.42857142857142855,21,-0.3978164688470044,-8.420540405474087,0.08899958283916284,1.7170182035812278,-0.48052614776336317,-5.209948117688869
3531228,-22.85627,-43.32646,0.14285714285714285,21,-0.38253126458519887,-8.162519039689737,0.03687582226809988,0.6951503307592243,-0.027188721303183408,-0.3943247044993553
3567508,-22.94966,-43.39092,0.0,21,-0.4048687415548942,-8.530674288815053,0.047320751417583504,0.9709030314377878,-0.015883114953891737,-0.2221546881544027
3567540,-22.91109,-43.59551,0.09523809523809523,21,-0.3966414902219096,-8.394608791952667,0.09514287504723162,1.744158312821853,-0.14660679917254504,-2.677511176547155
3567567,-22.89189,-43.53235,1.0,21,-0.39775261130955825,-8.457227930162011,0.09585563567390595,1.7714514743169663,-0.17068284538313744,-3.167291332538736
3784630,-22.89607,-43.27647,0.0,21,-0.3795637764949154,-8.10932981587418,0.06788926550378153,1.3032899294013882,-0.04919628294644197,-0.8006490129176168
3784959,-22.82895,-43.27662,0.0,21,-0.37689778763440474,-8.065953611446908,0.0737740653523244,1.4419636913068454,-0.0035505625672753597,-0.06030855494797162
3784975,-22.8596,-43.26748,1.7619047619047619,21,-0.3774763714511162,-8.07616348220894,0.07269193157529336,1.4122633710549892,-0.04055931501258829,-0.673300188825791
3785025,-22.91696,-43.25713,0.9047619047619048,21,-0.37885164198847326,-8.090453813640304,0.073256052309541,1.4008770771571946,-0.06186240078361667,-0.9913250556777453
3820599,-22.88405,-43.42913,3.0,21,-0.4051053135670795,-8.353645005019196,0.07452198275381555,1.3862227410616226,-0.36643794957223996,-4.476422203787568
3945995,-22.8081,-43.44038,0.09523809523809523,21,-0.39181914741335977,-8.245017696766181,0.07301636369636641,1.4631792788256606,-0.30747281105584157,-3.929062444769791
4016297,-22.7534,-43.4547,0.0,21,-0.3858876566852301,-8.224416478895899,0.06863836005823613,1.3458356257000297,-0.07204217020964603,-0.7372329443076876
4039785,-22.92728,-43.36703,0.0,21,-0.3968941787865212,-8.364481033353522,0.03264897711887231,0.6329166434430786,0.027273695589046194,0.3961000342287283
4046307,-22.9499,-43.35928,0.19047619047619047,21,-0.39652834912254425,-8.377031393247641,0.04701078106288665,0.9239344864588714,0.04513024143546579,0.6609493915302358
4056310,-22.84238,-43.48433,0.0,21,-0.39533249311659285,-8.43594697924256,0.08922064651513402,1.7196425779608842,-0.3556754180521246,-4.968123802267624
4084519,-22.78636,-43.30639,0.0,21,-0.3770807334374904,-8.062956820837742,0.07775466602969973,1.5414875028675585,0.02360715536948919,0.3796299916303944
4178602,-22.90947,-43.28628,0.0,21,-0.3810269414403391,-8.13294209844178,0.06474862828097683,1.2401293505313395,-0.04038898061654499,-0.6624522326761353
4335988,-22.92154,-43.36733,0.0,21,-0.3963174070172364,-8.356978310506188,0.02859804244362823,0.5498070473832162,0.020064929645123974,0.2951555066452954
5044685,-22.83042,-43.34967,0.0,21,-0.38370453220708317,-8.168286653451386,0.021599543791260445,0.38731404217014137,-0.08359508498858331,-1.1437288014427016
5073898,-22.80778,-43.41714,0.047619047619047616,21,-0.39038777890756055,-8.234863288205693,0.06428252151912041,1.394208610970374,-0.2922271533562766,-3.7564577032482713
5154197,-22.91393,-43.5522,0.14285714285714285,21,-0.398451431955973,-8.442780145996661,0.09740163483021351,1.7737367627526777,-0.15734339867372682,-2.946039136755492
5158044,-22.91263,-43.28217,2.142857142857143,21,-0.3807761772244724,-8.127554251226744,0.06609386548369486,1.2630590271467217,-0.044830424150038316,-0.7305049302194024
5179726,-22.84055,-43.28092,0.3333333333333333,21,-0.37762791300904425,-8.07937871359734,0.07058548770027924,1.377153120072444,-0.022203805242109593,-0.3758952255502551
5195500,-22.85024,-43.30926,0.0,21,-0.38035275375504335,-8.126966667268352,0.05444342842852716,1.047096710732903,-0.051519975726044935,-0.7767547474773093
5315026,-22.82714,-43.35505,0.047619047619047616,21,-0.38418929618713094,-8.171493361548228,0.018131356011467526,0.32071323041294647,-0.09190243861320231,-1.2749799334311573
5315050,-22.81741,-43.36625,0.0,21,-0.3849719190475936,-8.170239962807772,0.026818321661501637,0.4964552824415509,-0.13334257010777126,-1.791549026265245
5358612,-22.9355,-43.25541,1.1904761904761905,21,-0.3794026064934047,-8.09521125844267,0.0737682433841185,1.4049607027920399,-0.06231776558299147,-0.9916551918082454
5364515,-22.79444,-43.30052,0.0,21,-0.3770435984033162,-8.064392768911047,0.07646184060674692,1.4894044073429131,0.023398184477049326,0.38689803218862223
5414830,-22.82895,-43.27662,0.0,21,-0.37690482989313556,-8.06608152485299,0.07374071160466185,1.4412813713257984,-0.003624017893393632,-0.061556737640958925
5417708,-22.87909,-43.34158,0.5714285714285714,21,-0.386255304498358,-8.222694440313568,0.019889125823736163,0.3692409350245953,0.023813551207627372,0.3496927082787465
5457009,-22.80602,-43.30261,0.0,21,-0.3776827582007938,-8.076788317882418,0.07116744274100456,1.3835724484295355,0.015017634547567067,0.25138889685349614
5465877,-22.9846,-43.46114,0.047619047619047616,21,-0.4093151505444294,-8.649572301263971,0.09233394595104885,1.6692523261058096,-0.11959682488676938,-1.9717764250883205
5465885,-22.91591,-43.42046,0.0,21,-0.4097758121115682,-8.446479846364168,0.06735348450973441,1.2576346623712407,-0.20292115388300014,-2.907844125399313
5468019,-22.87795,-43.3383,0.2857142857142857,21,-0.38564250008127193,-8.213687718397761,0.022392378603100272,0.41589835723033075,0.025255724365926553,0.3677756603952539
5476585,-22.84159,-43.27056,0.09523809523809523,21,-0.37700191033749575,-8.067951652957465,0.07367478314494377,1.438836607347625,-0.020464077274179683,-0.34477489567951514
5478898,-22.80433,-43.40361,0.09523809523809523,21,-0.3884412281695962,-8.21858202432979,0.06091745473132138,1.3510607898325275,-0.24422123323924666,-3.1087256043073577
5526620,-22.79001,-43.42504,0.0,21,-0.388462417139973,-8.233779330325184,0.06708923373291371,1.4290540041197328,-0.19099685180199377,-2.1870545821956067
5546583,-22.86167,-43.4541,0.09523809523809523,21,-0.39942580546821665,-8.405742724798825,0.08898556884440238,1.6947170157079328,-0.47513438152027476,-5.2118300027854385
5546591,-22.86707,-43.4789,0.0,21,-0.3983983587665842,-8.46171648397447,0.09368459785447261,1.764900676753521,-0.33431236976178597,-5.196467806568517
5621720,-22.89173,-43.59016,0.0,21,-0.39570311050097773,-8.402496291441734,0.09319734221788926,1.7296767588128794,-0.14855459530863166,-2.6894483429313376
5677351,-22.90947,-43.28628,0.0,21,-0.3810331354947913,-8.13305898426384,0.06472282905128947,1.239642209482937,-0.04031596532808665,-0.6612583617735089
5682819,-22.89142,-43.40083,0.0,21,-0.4032355458955711,-8.361741619138662,0.03740402056706077,0.7396881744588958,-0.1978313490974603,-2.7772481381580008
5717256,-22.82426,-43.34743,0.0,21,-0.3829582505438142,-8.155933108099674,0.029740277620211863,0.5378746274634555,-0.07487198564763595,-1.0784189574370675
5879655,-22.82983,-43.32875,0.0,21,-0.3811659928378209,-8.135134275036302,0.04549289236533381,0.8599996327268431,-0.04654686021478319,-0.7160149850794293
5955629,-22.85557,-43.32931,0.19047619047619047,21,-0.3828398667026865,-8.167032244661636,0.03326624866027369,0.6237556398598632,-0.026868139225476824,-0.38745505112766565
5955645,-22.87128,-43.45959,0.09523809523809523,21,-0.400362959604877,-8.436709140418795,0.09308469716008178,1.728169411675284,-0.45862896201829717,-5.230249315744764
5955653,-22.88317,-43.55664,0.0,21,-0.3961782178083278,-8.43398339866089,0.0933965170832159,1.7429905926853018,-0.15768375659326703,-2.8609338129886392
5955688,-22.83859,-43.39829,0.0,21,-0.39345552710518134,-8.232928471997742,0.03961167459674304,0.8312722226643604,-0.30983660139904534,-3.805666961900755
5967198,-22.78604,-43.32296,0.0,21,-0.378235356287675,-8.078753821306485,0.07490434706995323,1.501146105367288,0.006161168120547648,0.0988958695727084
6007317,-22.78164,-43.29714,2.142857142857143,21,-0.37630555509685604,-8.050197052909988,0.08119925833662082,1.6080674911517499,0.026358148967059798,0.4270885405665865
6023320,-22.86426,-43.25283,0.0,21,-0.3767469430696131,-8.06186134084128,0.07612331104472594,1.4784102722583699,-0.04610558885653749,-0.7641160883949207
6023916,-22.8699,-43.4552,0.19047619047619047,21,-0.4005452769855332,-8.421725013616093,0.09205317129880033,1.7069963279720792,-0.4743311806118577,-5.183921187736016
6029825,-22.91856,-43.55863,0.0,21,-0.3984751992316559,-8.436192364082302,0.097453994813092,1.7718868082318675,-0.154448194967575,-2.8875765314867343
6029922,-22.89943,-43.59469,0.047619047619047616,21,-0.39602281985014265,-8.398361951521478,0.09384951976112549,1.734242910807974,-0.14664926247683402,-2.654116454498237
6029965,-22.82975,-43.34565,0.047619047619047616,21,-0.3831275275088914,-8.161034797570972,0.025898367861477728,0.4674194792306028,-0.07340583301567805,-1.0412215940903493
6033075,-22.74957,-43.29909,0.0,21,-0.3751822809846915,-8.025268103648596,0.08974368222915222,1.862312481883055,0.015514501105364144,0.2340133587990393
6033121,-22.9063,-43.27432,0.0,21,-0.37980504382335084,-8.111318409927037,0.06867600668496153,1.31733941383131,-0.05213322783524846,-0.8417809716281245
6035809,-22.75794,-43.36612,0.09523809523809523,21,-0.38036505549131505,-8.13285805372437,0.07776190729642692,1.7537682090828175,-0.06397139677836569,-0.9734082860571796
6037526,-22.92154,-43.36733,0.0,21,-0.3963113773945779,-8.35690649746633,0.028574698305682825,0.549292605954866,0.02006423896427264,0.2951663484704148
6037569,-22.8689,-43.37649,0.09523809523809523,21,-0.3924003657450595,-8.286261941881351,-0.012947473455930052,-0.22352847818947014,-0.11774715060442513,-1.6638884567518077
6038883,-22.87429,-43.43174,1.0476190476190477,21,-0.4032923308034955,-8.325533528142847,0.07739546080013608,1.447408372592682,-0.4013747191861229,-4.7578169495371965
6038891,-22.90091,-43.26718,0.38095238095238093,21,-0.37900873014457587,-8.097756377139634,0.07078039190073877,1.3591357388324465,-0.05649898919538612,-0.9102007184573273
6038905,-22.90405,-43.55427,0.0,21,-0.3976774333660289,-8.438133751150117,0.09615814944899849,1.7654862809698877,-0.15760629583063046,-2.9204357815413204
6038913,-22.83838,-43.29428,0.42857142857142855,21,-0.3785047896397297,-8.094734325347982,0.06561417565292633,1.2765720315051918,-0.028001123879365715,-0.46769650479608127
6091997,-22.77317,-43.52974,0.3333333333333333,21,-0.3889058607337952,-8.378964850935658,0.07800761899583142,1.4853915517197658,-0.06385505059433995,-0.846480293528816
6176666,-22.936,-43.33186,0.42857142857142855,21,-0.3889398212986183,-8.258149272627909,0.049048472927326926,0.9356936825680816,0.03108277519689541,0.49791219227869027
6212131,-22.75045,-43.45056,0.0,21,-0.3854998161624968,-8.223348919789453,0.06824151697320839,1.339070794464404,-0.06496131023060292,-0.6579691043867929
6221408,-22.88964,-43.55981,0.0,21,-0.3964886405218622,-8.429276612917075,0.09415354730734804,1.7482796104206935,-0.15638156784216256,-2.8509165453357084
6310354,-22.90439,-43.29796,0.047619047619047616,21,-0.3819901772173027,-8.151410718806995,0.05979513629476865,1.1451691795070214,-0.02512894882034438,-0.4143562417310035
6387152,-22.889,-43.44679,0.14285714285714285,21,-0.4040276121770794,-8.463474746591942,0.09081968658276321,1.6199379751837428,-0.41411502514591453,-4.821603292810534
6425674,-22.75499,-43.45052,0.0,21,-0.3859000964087667,-8.225244988875213,0.06848570226078382,1.3481304752599057,-0.07839282279555959,-0.8117641564802338
6427138,-22.87916,-43.46362,0.09523809523809523,21,-0.40104576312667095,-8.46538640312669,0.0956960600565676,1.7455797853060007,-0.4100192592791044,-5.270595150962264
6444547,-22.78164,-43.29714,0.047619047619047616,21,-0.3763069643141549,-8.050229048423516,0.08118924959143563,1.6077139950186483,0.026387882839928618,0.42757281473302927
6473113,-22.90921,-43.55015,0.047619047619047616,21,-0.3982191376324993,-8.444055418322359,0.09721390793721475,1.7731769681072975,-0.15875299165953827,-2.9650663720848405
6512925,-22.8596,-43.26748,0.42857142857142855,21,-0.3774788860378122,-8.076210441553318,0.07268116447934542,1.4120432899670585,-0.04056217962639096,-0.6733439831679201
6518893,-22.7883,-43.36402,0.0,21,-0.3822072310924495,-8.137179097434204,0.06407917575340356,1.3500052421784101,-0.10011074513784923,-1.5301417491361387
6524486,-22.8596,-43.26748,0.38095238095238093,21,-0.37747723339794864,-8.07617507513655,0.07269455636938052,1.4122723012195697,-0.04066198034183038,-0.6746971448934092
6559727,-22.91243,-43.59328,0.0,21,-0.3967730895141522,-8.395060001024182,0.09537988214455444,1.746594144734792,-0.14713198044562592,-2.6937387253586884
6571956,-22.84697,-43.3731,0.0,21,-0.3890862681710875,-8.23487550925115,-0.01594273491986892,-0.269464025095061,-0.12905209371734488,-1.7506645595547272
6575900,-22.9499,-43.35928,0.09523809523809523,21,-0.39653851159062753,-8.377161563364863,0.047001474186593305,0.9238753228200783,0.045102832977522364,0.6605018110766557
6579973,-22.74755,-43.39158,0.0,21,-0.3817156070264009,-8.170966143346398,0.07319518977375525,1.6524435099935368,-0.07630013772833846,-1.031500617263269
6631169,-22.90359,-43.30163,0.7142857142857143,21,-0.38235603399969503,-8.158010548076426,0.05799838002346652,1.1101321180464883,-0.018974795111629836,-0.3124780205272273
6635016,-22.94005,-43.36843,0.0,21,-0.3984408402836177,-8.395714417876656,0.04123560699283488,0.8250195765012969,0.03515253632548519,0.499089203936318
6661904,-22.88216,-43.3446,0.09523809523809523,21,-0.387011372302543,-8.23378661833387,0.01752337811345272,0.3247439421723295,0.025281121323976287,0.37621091081505986
6664040,-22.82354,-43.28273,0.7142857142857143,21,-0.37707647885981743,-8.068884224054294,0.07284982316495524,1.4259014268540025,0.002937987572086685,0.04906768407332311
6664075,-22.84444,-43.28094,1.4761904761904763,21,-0.3777870325860441,-8.082299171353563,0.07007780780960397,1.367410437857473,-0.0279606288459511,-0.47044297415382225
6664164,-22.84159,-43.27056,0.42857142857142855,21,-0.3770001366822747,-8.067917886309832,0.07368587390957694,1.4390640113918218,-0.020513388699657926,-0.3456895349913613
6680704,-22.82185,-43.36808,8.095238095238095,21,-0.3856563681477366,-8.180289726207068,0.0169507127301366,0.30467905348380214,-0.13477437894838842,-1.7194406334240016
6681379,-22.86398,-43.30497,0.7619047619047619,21,-0.38064675263119957,-8.13300645725851,0.0553562960299771,1.0631271588501006,-0.029525203283278942,-0.4884811862135438
6681573,-22.87666,-43.3372,0.047619047619047616,21,-0.385380897416995,-8.209730769003164,0.022922588704354083,0.42558170899995873,0.023371494560944808,0.33881861092420623
6688152,-22.89806,-43.26354,0.047619047619047616,21,-0.37863033093175347,-8.091293323331342,0.07182668346886477,1.3809661656225827,-0.05835744621231619,-0.9375682792049077
6694101,-22.90223,-43.27725,0.0,21,-0.3798819903952345,-8.113767124426646,0.06768529606373584,1.2982950698839617,-0.04992036236066426,-0.8059220010473586
6713564,-22.90133,-43.25585,0.047619047619047616,21,-0.3781967523839599,-8.082183521736598,0.07372787785383474,1.417011133236504,-0.062337487491880124,-0.9984026851826304
6742130,-22.8811,-43.28795,0.047619047619047616,21,-0.37989791169599785,-8.11852566841908,0.0637348817079933,1.2259151151136065,-0.03678167620883329,-0.6117260971439611
6742831,-22.88291,-43.48847,0.0,21,-0.399490580122609,-8.487622739321102,0.09663651372059989,1.7841359563302883,-0.25278893949343684,-4.55018831074479
6761704,-22.83381,-43.40728,0.047619047619047616,21,-0.3941532104895842,-8.226979807818656,0.05237470627443698,1.111403696047429,-0.37938568237791687,-4.321318545509243
6762042,-22.90336,-43.26122,1.0476190476190477,21,-0.3786521479982592,-8.09037810935136,0.07236644534281188,1.389707134709558,-0.05981723557548503,-0.9612950084438256
6793231,-22.81514,-43.38181,0.0,21,-0.3871279648490063,-8.184481311880319,0.04206384531231908,0.8798639495838307,-0.18619983846405586,-2.480739148590253
6820018,-22.88103,-43.2673,0.19047619047619047,21,-0.3782651409270475,-8.088132709839144,0.07127418758120341,1.373603677948383,-0.052381438834746274,-0.8546184884891711
6832512,-22.9028,-43.55441,0.0,21,-0.3975896551397994,-8.437700217844911,0.09596086658899218,1.7642286526677489,-0.15776388443257772,-2.9208096087492406
6852203,-22.88886,-43.4855,1.380952380952381,21,-0.40034064083314524,-8.499109969191995,0.0974623134599735,1.7848279664320432,-0.25462265965293707,-4.599454187572184
6855709,-22.88865,-43.41406,0.8095238095238095,21,-0.40610966343391697,-8.321867660085184,0.05516386392127023,1.0629362427487823,-0.2729572703209079,-3.6615701710627864
6864651,-22.77553,-43.36216,0.0,21,-0.3811093271494895,-8.129630836972511,0.07257019960066356,1.5823051282989216,-0.07623816335168174,-1.1858424914067789
6864708,-22.89479,-43.48849,0.2857142857142857,21,-0.40072405134339456,-8.500523494075793,0.09853436738131015,1.789075119038932,-0.23873381158772655,-4.369017685625818
6899919,-22.80665,-43.4018,0.0,21,-0.38856839949291605,-8.216655027055946,0.0595446105181348,1.3215502957262013,-0.2487664725810995,-3.2204098574576703
6901042,-22.86505,-43.44512,0.8095238095238095,21,-0.40064965500849525,-8.372588650572967,0.08612775848604443,1.6329660613992274,-0.46293838565858375,-5.131103648587648
6914152,-22.86534,-43.29765,0.7142857142857143,21,-0.3800293245954678,-8.122388219189943,0.05973721424961417,1.1503241212181328,-0.033023983830043,-0.5518670567463532
6919626,-22.88103,-43.2673,0.38095238095238093,21,-0.3782652283189612,-8.088140798835978,0.07127012358754042,1.3735275243883351,-0.05236322674821673,-0.8543675194810588
6922031,-22.87221,-43.45854,0.047619047619047616,21,-0.40057754149794506,-8.434804191483012,0.09320140240340377,1.7237424262922612,-0.46095942645399807,-5.212533245146614
6926797,-22.87511,-43.27102,0.2857142857142857,21,-0.37830252909741363,-8.090008522104874,0.07045662854998298,1.3607946453696724,-0.04859876659892851,-0.8000873921666392
6927254,-22.89658,-43.3553,0.047619047619047616,21,-0.39044943630128415,-8.282140038864403,0.009785668058882223,0.1769693783126192,0.02469829900438919,0.37876554355590225
6932916,-22.81561,-43.30289,0.23809523809523808,21,-0.3781306483338462,-8.08569871314833,0.06761969850788359,1.315786799720846,0.004105326057417862,0.06841674212005958
6974708,-22.8478,-43.36527,0.0,21,-0.387668268525007,-8.223320267905006,-0.014923308234209901,-0.25185093506454753,-0.09012190939020728,-1.200899671093578
7011857,-22.77806,-43.40305,0.0,21,-0.38520287533195063,-8.20377016399563,0.06715381266378524,1.5046280559184266,-0.1516491706758367,-1.7370277224795274
7021771,-22.84007,-43.37814,0.09523809523809523,21,-0.38933821333697133,-8.228028382101625,-0.007941642038231425,-0.13696791260048988,-0.15987176521343432,-2.096237055696548
7036884,-22.87403,-43.52013,0.047619047619047616,21,-0.396863880546116,-8.458438608174419,0.09375156960263421,1.7599004127611293,-0.18636931780761512,-3.4393107473076174
7036914,-22.89173,-43.59016,0.047619047619047616,21,-0.395706341978566,-8.40253180806425,0.09320409493791108,1.729743701176512,-0.14856869241545273,-2.689895194057408
7041624,-22.87766,-43.47356,0.0,21,-0.40001497214141657,-8.470908547358446,0.09559235681667723,1.7683929125910438,-0.34376732503245633,-5.259072222793618
7065485,-22.78531,-43.42766,0.047619047619047616,21,-0.38803069116197486,-8.233137828409399,0.06753028273048221,1.4322790407894899,-0.17007170162286522,-1.9321621755330156
7069472,-22.83859,-43.39829,0.0,21,-0.39344842398873237,-8.233063265736607,0.03948490730536797,0.8283076936133738,-0.3093399692532716,-3.8016032275713183
7071868,-22.9204,-43.36883,0.0,21,-0.39663003579478556,-8.360031446914466,0.027787006908373806,0.5358113299543696,0.014449217454104504,0.21238294880885855
7087764,-22.90405,-43.55427,0.0,21,-0.39768524306046016,-8.438238247410633,0.0961753461165461,1.7656196015112007,-0.15761424119856876,-2.920691557597002
7087772,-22.90408,-43.28524,0.0,21,-0.3806841844403238,-8.128046944921218,0.06505394046837061,1.2481727689905773,-0.04197381569226542,-0.6844879215250149
7088574,-22.81651,-43.38196,0.047619047619047616,21,-0.3873207531795138,-8.185149305255912,0.04045553240777776,0.8417540163327,-0.18656003708057264,-2.4718217260209765
7101856,-22.88865,-43.41406,0.14285714285714285,21,-0.4061147310702835,-8.321743222795192,0.055190597647306265,1.0634604489587598,-0.272994336418709,-3.6621548187438733
7108265,-22.86017,-43.37163,0.0,21,-0.3902375824001913,-8.258697737079508,-0.020878451695408164,-0.3513507635531164,-0.10576582350944716,-1.4684959470595644
7110162,-22.85164,-43.34646,0.14285714285714285,21,-0.3848826601945878,-8.194203630453183,0.005999307468640078,0.10631550705033237,-0.03923900844421895,-0.5258891840956028
7110170,-22.90405,-43.55427,0.047619047619047616,21,-0.3976807666945682,-8.438189071536708,0.09616480405060805,1.7655438411965785,-0.15761361229516802,-2.9206031336694718
7110340,-22.83029,-43.32787,0.0,21,-0.3811002280042894,-8.134352792198944,0.045715907538640486,0.8641012451449452,-0.04583214203809702,-0.7076204570178711
7119798,-22.89177,-43.3244,0.0,21,-0.38455159236610204,-8.196724476935671,0.040850754210513755,0.7735190243932641,0.028513675957606552,0.4506362071913688
7185081,-22.88499,-43.36527,0.0,21,-0.3915067090908446,-8.291109838053524,-0.005741609139614714,-0.10077817238916331,-0.026788731672700187,-0.3977475802685754
7239130,-22.79049,-43.30996,0.0,21,-0.37750203186031756,-8.07026147452128,0.07547043934866313,1.4885541384590473,0.02279450959827329,0.36427114639006125
7244339,-22.79212,-43.30259,1.2380952380952381,21,-0.37708002465224755,-8.064427507424599,0.0767114689438138,1.500225742528708,0.021392482857367195,0.3546618643557368
7333560,-22.88317,-43.55664,0.0,21,-0.3961775486967693,-8.43394370784929,0.09339612358156715,1.7429738951832812,-0.15766967170612697,-2.860668383883666
7359810,-22.90409,-43.55751,0.0,21,-0.3975484734597266,-8.434712214402564,0.09597992477938444,1.763153618597539,-0.15650928407844072,-2.8958999856177012
7417780,-22.78925,-43.31254,0.047619047619047616,21,-0.3776212942854791,-8.071582061743891,0.07551311892142559,1.4940167758249707,0.020078953778815325,0.32078545791994795
7421710,-22.90009,-43.27993,0.23809523809523808,21,-0.38002550295398335,-8.116946713421191,0.06672186648109546,1.2797073070042033,-0.04747406356914631,-0.76702769920089
7427549,-22.78164,-43.29714,26.571428571428573,21,-0.37630533775373415,-8.050199350679318,0.08119750064205411,1.607920758991346,0.02638489800797397,0.427522272583661
7505140,-22.90405,-43.55427,0.0,21,-0.39767725201199905,-8.438132967394717,0.0961576451961674,1.765483280281804,-0.15760707582715372,-2.9204500250508643
7505337,-22.88317,-43.55664,0.0,21,-0.39617629848001146,-8.434014552524662,0.09339483773096696,1.7429697999231508,-0.15768846202254203,-2.8609388472639683
7516800,-22.90035,-43.53856,0.0,21,-0.3981110505844511,-8.455041337169108,0.09653209027095201,1.7736551391932047,-0.16546714728791606,-3.0879403441445787
7544243,-22.86196,-43.55378,0.0,21,-0.3948057689948466,-8.430069985913685,0.09107004975550194,1.7179549636555436,-0.1586335468144951,-2.8473841208065056
7561199,-22.88215,-43.46552,0.0,21,-0.40124750604070236,-8.478346425488523,0.09648801896225682,1.7516692722851777,-0.3932149478353791,-5.266283979091708
7580126,-22.76024,-43.43999,0.0,21,-0.38598177183873505,-8.226167229833985,0.06824969843317137,1.3825528836468575,-0.08781163548423798,-0.9115959655428554
7588577,-22.78227,-43.31937,0.0,21,-0.3777856119914941,-8.071405243955827,0.07728530680501182,1.5555812744352364,0.011175302178424917,0.17793547949583774
7591136,-22.73727,-43.44942,0.5238095238095238,21,-0.38439224912799674,-8.217151867829342,0.06777665252536338,1.3292307194640385,-0.047834894545780375,-0.48270740239303933
7595905,-22.74503,-43.49468,0.6666666666666666,21,-0.38634193827622376,-8.29695819073127,0.07072560167189289,1.3310581272258024,-0.04139530891749085,-0.4248689343955729
7605935,-22.87978,-43.46051,0.09523809523809523,21,-0.4014001242672721,-8.464878258976015,0.0955297116704283,1.7324980575808973,-0.43647756967817114,-5.202116362712674
7625987,-22.78164,-43.29714,11.952380952380953,21,-0.3763052685998552,-8.050186181568593,0.08120328034469848,1.608260847084665,0.026333165985000243,0.4266828353708185
7659415,-22.91223,-43.55668,0.19047619047619047,21,-0.3981365518483934,-8.437469851219758,0.09712889245860556,1.7704272781601202,-0.15612802171823806,-2.912040531612427
7722494,-22.87322,-43.43166,3.238095238095238,21,-0.4031529620562731,-8.313876097612871,0.07725403059986034,1.448423921558992,-0.40098959608403845,-4.766037274282644
7723296,-22.90029,-43.53359,0.0,21,-0.39834868178798505,-8.460430415360422,0.09681123135507692,1.7771107938516035,-0.1681361868821822,-3.1440246581435356
7764006,-22.88482,-43.28891,0.0,21,-0.3801479940110709,-8.122414689890316,0.0632514853311103,1.2156100015651021,-0.036141449566660294,-0.600309692434846
7810172,-22.87613,-43.47067,0.2857142857142857,21,-0.40006490926209737,-8.46365018755059,0.09513019599742747,1.7623048391940794,-0.3712062555027153,-5.310825463832431
7874162,-22.85861,-43.49443,0.19047619047619047,21,-0.3966267486789098,-8.459775265679788,0.09214933691503861,1.7526704425203474,-0.2607025826925426,-4.498948653227702
7892802,-22.8477,-43.35916,0.09523809523809523,21,-0.38659016343510527,-8.212198536433094,-0.006262138515537042,-0.10806794872445336,-0.06957806307468649,-0.9160453870861446
7894554,-22.85884,-43.53873,0.0,21,-0.3950069588056198,-8.441451997213756,0.09112425527635795,1.7239492696581369,-0.16765198499826617,-3.0255984288479
7985657,-22.82096,-43.30662,0.0,21,-0.3786673249297231,-8.095244921053562,0.06417031823914104,1.245360117224652,-0.008240274165492969,-0.13533728090525793
7986505,-22.88774,-43.29646,0.0,21,-0.3810030698832434,-8.137245941625428,0.05948910194668731,1.1400112560678664,-0.027076116467525453,-0.44874706331152564
7996675,-22.8859,-43.34384,0.0,21,-0.3871937248912229,-8.236764927068803,0.01989531833315637,0.369971117843653,0.0305824160742516,0.46329561047495105
7998678,-22.83859,-43.39829,0.0,21,-0.39344689511839,-8.232999346658573,0.039518561283570876,0.8291097000784555,-0.3094556239822111,-3.8019371314533372
9016805,-22.82242,-43.31351,0.0,21,-0.3793051807500763,-8.10552817951154,0.06017880241800457,1.1634148634679584,-0.017345138091749215,-0.2822833503471937
9023089,-22.88443,-43.41602,0.0,21,-0.4056200465468982,-8.299983767650035,0.057891444957251195,1.1073357891702675,-0.297321615791159,-3.9089409581912666
9045023,-22.87925,-43.30834,0.0,21,-0.38179986493843115,-8.152394589304151,0.05230835661052256,1.0000240036456964,-0.011924191004349178,-0.19504031243140202
9057722,-22.83883,-43.35262,0.0,21,-0.38479682470188364,-8.186186825968411,0.00704882673816061,0.12336328065572623,-0.07619263769219059,-1.0015084048058485
9061398,-22.87205,-43.57763,0.0,21,-0.39484187760652256,-8.410890326778373,0.09139989576708289,1.7150814285260612,-0.14956156530113665,-2.6616593797759696
9061401,-22.88409,-43.55926,0.0,21,-0.39614610305929393,-8.43087750142639,0.09338194474844351,1.741970688858011,-0.15667354096662597,-2.8425687483897666
9067078,-22.92648,-43.25669,0.0,21,-0.3791744082926255,-8.093743940140214,0.07337105720614895,1.3992057802027096,-0.06241947614793666,-0.9947660942342404
9071385,-22.93839,-43.38827,0.0,21,-0.4039750165947613,-8.483747038149906,0.041660696102602035,0.8496836257806363,-0.02381815074519133,-0.335387654478106
9072640,-22.87485,-43.3266,0.0,21,-0.3837363090387367,-8.18449985038065,0.036409476721032334,0.687542890086154,0.009514502592731684,0.1454755379228515
9075143,-22.85086,-43.27331,0.0,21,-0.37752664898021837,-8.077476173593746,0.07178792364413518,1.3987618134796904,-0.032016348127398904,-0.5377516227469682
9078983,-22.83683,-43.34871,0.0,21,-0.38406449162236944,-8.176337730004011,0.015281358760170465,0.2720189818940116,-0.07505882631340641,-1.0142678667251903
9101764,-22.89996,-43.30343,0.0,21,-0.3823681320914159,-8.158961107816971,0.05670268272847177,1.0846623831903384,-0.015589823486549739,-0.25633913510870354
9107835,-22.85445,-43.26485,0.0,21,-0.37711597820317705,-8.069650082082934,0.07390580402029655,1.4394451475680574,-0.035649139662336043,-0.5947078531758785
9111344,-22.83246,-43.31619,0.0,21,-0.3800684855482805,-8.119536402987654,0.05457903442825039,1.0496770562332045,-0.04505117227461226,-0.6990239011035484
9127100,-22.94634,-43.34902,0.0,21,-0.3935007933801989,-8.331376023672508,0.047269157505453435,0.9061889066448119,0.0419800235114683,0.6420253583870571
9128867,-22.85557,-43.32931,0.0,21,-0.3828295869535062,-8.166877087818593,0.03338263242252885,0.6260512838117611,-0.026927903713027303,-0.3883939932072983
9131795,-22.8985,-43.27561,0.0,21,-0.379592185095535,-8.109287227745819,0.0681841598350244,1.308674531717497,-0.05029528237391885,-0.8162275985384942
9131884,-22.83176,-43.32732,0.0,21,-0.3811365918842854,-8.135338075773097,0.045626232879557374,0.8640659114086735,-0.0474654013960125,-0.7303474882345492
9151583,-22.88049,-43.45521,0.0,21,-0.4020030719567297,-8.455611929281103,0.09479296464274833,1.7023758804810956,-0.44618402309494865,-5.108644681857088
9199233,-23.01943,-43.48834,0.0,21,-0.40800552317043587,-8.61141483687695,0.098460461469134,1.7293611579863815,-0.1188350166107792,-2.1709941339715018
9262288,-22.89412,-43.27809,0.0,21,-0.37961596366981715,-8.110730746542059,0.06735848547385201,1.2933496149448864,-0.047657225554613276,-0.777039171043712
9283986,-22.91223,-43.55668,0.0,21,-0.3981384334606108,-8.437482037947843,0.09713052800470315,1.7704412323495602,-0.1561297844392746,-2.912165047463738
9307265,-22.87697,-43.52619,0.0,21,-0.3968493591250182,-8.45737235488721,0.09377440127921557,1.7581814538975955,-0.17856986992982868,-3.2823457553701796
9311181,-22.8944,-43.54256,0.0,21,-0.39748694642182214,-8.448198507206724,0.09561322073958793,1.7659965484206166,-0.16381069029550993,-3.0266700168555905
9311661,-22.88742,-43.43134,0.0,21,-0.40547648197480984,-8.373832301846148,0.07748738309500523,1.421316304771404,-0.3617732912009882,-4.44794502958284
9384731,-23.01943,-43.48834,0.0,21,-0.40800622233999917,-8.611439882986435,0.09845927604222564,1.7293452397426758,-0.11882865362435534,-2.170774794400414
9391983,-22.84212,-43.27212,0.0,21,-0.3771220072269901,-8.070163160066395,0.07314438583755604,1.4283832554034324,-0.02177271423258682,-0.36637600413561877
9461086,-22.84868,-43.30683,0.0,21,-0.38004784110231,-8.12175139178395,0.0565637209907205,1.0906505626465026,-0.053125123451351834,-0.8117354519626163
9567933,-22.88482,-43.28891,0.0,21,-0.3801533003330343,-8.122496567546818,0.0632391128830927,1.2153263964013972,-0.03612730866474882,-0.6000467894290659
9650008,-22.79212,-43.30259,0.0,21,-0.37707577006527204,-8.064357468310734,0.07673167977775663,1.5006365234716756,0.021394925034875504,0.35475603125996197
9715444,-22.87788,-43.55612,0.0,21,-0.39583548964925924,-8.43288872668031,0.09288926803227053,1.7377895491735966,-0.1579229013039814,-2.8533857506316878
9887725,-22.7524,-43.40669,0.0,21,-0.3831954417871301,-8.1941220273575,0.07004492186829758,1.5515699973875294,-0.08992039215790783,-1.058757072813425
